1,SC001,SSCS Leeds,Barnsley SSCS Hearing Venue,Wellington House,,Wellington Street,Barnsley,S70 1WA,0223 391230,101,"https://www.google.com/maps/place/Wellington+House+Wellington+Street+Barnsley+S70+1WA/@53.550589,-1.480475"
2,SC028,SSCS Birmingham,The Hilton Hotel,Elton Way,,Watford,Hertfordshire,WD25 8HA,,401,"https://www.google.com/maps/place/Hilton+Watford/@51.6619157,-0.3606389,16.22z/data=!4m13!1m7!3m6!1s0x48761540757265d5:0xcef8473b5922e8fd!2sElton+Way,+Watford+WD25+8HH,+UK!3b1!8m2!3d51.6618537!4d-0.3565498!3m4!1s0x4876044da1f6b35b:0x6f27a262bd6fd675!8m2!3d51.66515!4d-0.3607142"
3,SC003,SSCS Leeds,Doncaster Hearing Centre,Ground Floor,3 Portland Place,Doncaster,South Yorkshire,DN1 3DF,01302 341 880,101,"https://www.google.com/maps/place/3+Portland+Place+Doncaster+South+Yorkshire+DN1+3DF/@53.520821,-1.136599"
7,SC007,SSCS Leeds,York House,31 York Place,31 York Place,Leeds,Yorkshire,LS1 2ED,0113 245 1246,101,"https://www.google.com/maps/place/The+Tribunals+Service/@53.7971387,-1.5524043,18z/data=!4m13!1m7!3m6!1s0x48795ea12ae48c7f:0x7b6a8126da344a8c!2sYork+House,+31+York+Pl,+Leeds+LS1+2BA,+UK!3b1!8m2!3d53.797142!4d-1.554806!3m4!1s0x48795ea12a3fffff:0x3cb53b546320c717!8m2!3d53.7971387!4d-1.5517823"
8,SC008,SSCS Leeds,Pioneer House,Ground Floor,"Pioneer Hs, Woolpacks Yard      ",Wakefield,,WF1 2SG,01924 298810,101,"https://www.google.com/maps/place/Pioneer+House/@53.6830351,-1.5038469,17z/data=!3m1!4b1!4m5!3m4!1s0x487966fd97666997:0xb09ed2cca8d733df!8m2!3d53.6830319!4d-1.5016582"
9,SC009,SSCS Leeds,York County Court,Piccadilly House,55 Piccadilly,,York,YO1 9WL,01904 624065,101,"https://www.google.com/maps/place/Piccadilly+House+55+Piccadilly+York+YO1+9WL/@53.954741,-1.076506"
10,SC010,SSCS Leeds,The Scarborough Justice Centre,9 Northway,,Scarborough,North Yorkshire,YO12 7AE,-,101,"https://www.google.com/maps/place/Scarborough+Justice+Centre/@54.2816179,-0.4099295,17z/data=!4m13!1m7!3m6!1s0x487f478cc3237307:0x7801bbd9b1d633dd!2s9+Northway,+Scarborough+YO12,+UK!3b1!8m2!3d54.2816179!4d-0.4077408!3m4!1s0x487f478ce41c70f5:0x2f15d5bd1d689c!8m2!3d54.2815317!4d-0.4080036"
11,SC011,SSCS Leeds,The Scarborough Justice Centre,9 Northway,,Scarborough,North Yorkshire,YO12 7AE,-,101,"https://www.google.com/maps/place/Scarborough+Justice+Centre/@54.2816179,-0.4099295,17z/data=!4m13!1m7!3m6!1s0x487f478cc3237307:0x7801bbd9b1d633dd!2s9+Northway,+Scarborough+YO12,+UK!3b1!8m2!3d54.2816179!4d-0.4077408!3m4!1s0x487f478ce41c70f5:0x2f15d5bd1d689c!8m2!3d54.2815317!4d-0.4080036"
22,SC022,SSCS Birmingham,Bedford Hearing Centre,8-10 Howard Street,,BEDFORD,,MK40 3HS,,201,"https://www.google.com/maps/place/Employment+Tribunals+Service/@52.1378448,-0.4657639,19.71z/data=!4m13!1m7!3m6!1s0x4877b6db3803501d:0x2be349b6c14f5d2d!2s8+Howard+St,+Bedford+MK40,+UK!3b1!8m2!3d52.1378727!4d-0.4655385!3m4!1s0x4877b6db4b0ed441:0xdbc7d4d151d45c47!8m2!3d52.1378623!4d-0.4657508"
24,SC024,SSCS Birmingham,Birmingham Youth Court,Steelhouse Lane,,Birmingham,West Midlands,B4 6BJ,0121-643-6464,401,"https://www.google.com/maps/place/Birmingham+Youth+Court/@52.4835298,-1.8957448,18z/data=!3m1!4b1!4m5!3m4!1s0x4870bc8fbffce56b:0xf208be12a218271d!8m2!3d52.4835298!4d-1.8949009"
30,SC030,SSCS Birmingham,Boston Court House,55 Norfolk Street,,Boston,Lincolnshire,PE21 6PE,01205-350622,201,"https://www.google.com/maps/place/55+Norfolk+Street+Boston+Lincolnshire+PE21+6PE/@52.982735,-0.025146"
34,SC034,SSCS Birmingham,Derwent Court,Macklin Street,,Derby,,DE1 1SG,01332 369716,201,"https://www.google.com/maps/place/90+Macklin+St,+Derby+DE1+1JX,+UK/@52.9211605,-1.4821964,19.82z/data=!4m5!3m4!1s0x4879f13cf5a13123:0xdfa8b8d73a25aab2!8m2!3d52.9211477!4d-1.4817997"
35,SC035,SSCS Birmingham,Harrow Civic Centre,"Building 1, 1st Floor","Civic Centre, Station St.       ",Harrow,Middlesex,HA1 2XF,,401,"https://www.google.com/maps/place/Harrow+Council/@51.589109,-0.3345036,19.74z/data=!4m8!1m2!2m1!1sCivic+Centre+Station+Road+Harrow+HA1+2XY!3m4!1s0x0:0x4047395a1114c521!8m2!3d51.589166!4d-0.334369"
37,SC037,SSCS Birmingham,Kettering Magistrates Court,The Court House,London Road,Kettering,,NN15 7QP,01536-410333,201,"https://www.google.com/maps/place/The+Court+House+London+Road+Kettering+NN15+7QP/@52.399079,-0.726940"
38,SC038,SSCS Birmingham,Kings Court,,5A New Walk,,Leicester,LE1 6TE,01162-531730,201,"https://www.google.com/maps/place/52%C2%B037'48.5%22N+1%C2%B007'50.0%22W/@52.6301497,-1.1327347,17z/data=!3m1!4b1!4m5!3m4!1s0x0:0x0!8m2!3d52.6301497!4d-1.130546"
40,SC040,SSCS Birmingham,Lincoln County Court Building,360 High Street,,Lincoln,Lincolnshire,LN5 7PS,01522-567151,201,"https://www.google.com/maps/place/Lincoln+County+Court/@53.2244617,-0.5450222,17z/data=!4m15!1m9!2m8!1sHotels!3m6!1sHotels!2s53.2244617,+-0.5428335!3s0x48785b2e4915e91f:0x7c0a2b187113f637!4m2!1d-0.5428335!2d53.2244617!3m4!1s0x48785b2e4915e8df:0xac30dad1e8201859!8m2!3d53.2243726!4d-0.5414549"
43,SC043,SSCS Birmingham,The Church of Christ,The Cornerstone,300 Saxon Gate West,Central Milton Keynes,,MK9 2ES,,201,"https://www.google.com/maps/place/The+Cornerstone+300+Saxon+Gate+West+Central+Milton+Keynes+MK9+2ES/@52.041140,-0.761126"
44,SC044,SSCS Birmingham,St. Katherines House,St. Katherines Street,,Northampton,,NN1 2LX,01604-24152,201,"https://www.google.com/maps/place/Independent+Tribunal+Service/@52.2374067,-0.90036,20.09z/data=!4m13!1m7!3m6!1s0x48770ee76512d181:0xb3e4c576f7145a31!2sSt+Katherines+St,+Northampton+NN1,+UK!3b1!8m2!3d52.2374617!4d-0.8995206!3m4!1s0x48770ee76ec8d6a7:0x6941ec99bc37726c!8m2!3d52.2373639!4d-0.8999683"
45,SC045,SSCS Birmingham,Byron House,4th Floor,2a Maid Marian Way,Nottingham,,NG1 6HS,01159-241774,201,"https://www.google.com/maps/place/Byron+House,+4+Maid+Marian+Way,+NG1+6HS,+UK/@52.9529668,-1.155384,19z/data=!3m1!4b1!4m5!3m4!1s0x4879c22a1653fc7f:0xf87eac605b23f187!8m2!3d52.952988!4d-1.1546132"
48,SC048,SSCS Birmingham,Oxford Combined Court Centre,St Aldates,,Oxford,,OX1 1TL,01865 248245,401,"https://www.google.com/maps?q=51.7481704505,-1.25707212708"
49,SC049,SSCS Birmingham,Ground Floor,Bennett House,Town Road,Hanley,Stoke-on-Trent,ST1 2QB,,401,"https://www.google.com/maps/place/Bennett+House+Town+Road+Hanley+Stoke-on-Trent+ST1+2QB/@53.031820,-2.172557"
51,SC051,SSCS Birmingham,Telford Magistrates Court,Telford Square,,Malinsgate,Telford,TF3 4HX,01952-292406,401,"https://www.google.com/maps/place/Telford+County+Court/@52.6772593,-2.4523386,17.78z/data=!4m15!1m9!4m8!1m0!1m6!1m2!1s0x487a802a79df6923:0xaa4710e4ec682ac0!2sTelford+County+Court,+Telford+Square,+Telford+TF3+4JP,+UK!2m2!1d-2.4514975!2d52.6777402!3m4!1s0x487a802a79df6923:0xaa4710e4ec682ac0!8m2!3d52.6777404!4d-2.4514975"
52,SC052,SSCS Birmingham,Radius House,51 Clarendon Road,,Watford,Hertfordshire,WD17 1HU,,401,"https://www.google.com/maps/place/51+Clarendon+Road+Watford+Hertfordshire+WD17+1HU/@51.660076,-0.397506"
53,SC053,SSCS Birmingham,Wolverhampton Tribunal Centre,Ground Floor,31 Waterloo Road,WOLVERHAMPTON,West Midlands,WV1 4DJ,01902-711839,401,"https://www.google.com/maps/place/31+Waterloo+Rd,+Wolverhampton+WV1+4DJ,+UK/@52.5870872,-2.1331787,20.14z/data=!4m5!3m4!1s0x48709b84d2e1517b:0x150ae6b8aceec812!8m2!3d52.5872695!4d-2.1331277"
60,SC944,SSCS Liverpool,Stockport Law Courts,The Court House,Edward Street,Stockport,Cheshire,SK1 3DQ,,601,"https://www.google.co.uk/maps/place/Stockport+Magistrates+%26+County+Court/@53.4065732,-2.1585401,17z/data=!3m1!4b1!4m5!3m4!1s0x487bb37becc98b1d:0x5004db7a53406bb7!8m2!3d53.4065732!4d-2.1563461"
61,SC061,SSCS Liverpool,SSCS Tribunal,Barrow Law Courts,Abbey Road,Barrow-in-Furness,,LA14 5QX,,601,"https://www.google.co.uk/maps/place/Law+Courts/@54.1165073,-3.2297877,17z/data=!3m1!4b1!4m5!3m4!1s0x487ca8dac9ca32a7:0x87157deca89a4fc4!8m2!3d54.1165073!4d-3.2275937"
62,SC062,SSCS Liverpool,County Court Building,76 Hamilton Street,,Birkenhead,,CH41 5EN,,601,"https://www.google.com/maps/place/76+Hamilton+Street+Birkenhead+CH41+5EN/@53.391398,-3.016773"
63,SC063,SSCS Liverpool,Soho Foundry,"2nd Floor, Soho Foundary",Cicely Lane,Blackburn,Lancs,BB1 1HQ,,601,"https://www.google.co.uk/maps/place/The+Best+Connection+-+Blackburn/@53.748465,-2.478027,18z/data=!3m1!4b1!4m5!3m4!1s0x487b9fc9712df261:0x222f19afae4546a7!8m2!3d53.748465!4d-2.47693"
64,SC064,SSCS Liverpool,Prudential House,2-10 Topping Street,,Blackpool,,FY1 3AB,,601,"https://www.google.com/maps/place/2-10+Topping+Street+Blackpool+FY1+3AB/@53.820175,-3.050717"
65,SC065,SSCS Liverpool,Chester Civil Justice Centre,Trident House,Little St John Street,,Chester,CH1 1SN,,601,"https://www.google.com/maps/place/Trident+House+Little+St+John+Street+Chester+CH1+1SN/@53.188580,-2.886911"
67,SC067,SSCS Liverpool,Lancaster Magistrates Court,George Street,,Lancaster,Lancashire,LA1 1XZ,,601,"https://www.google.com/maps/place/Magistrates+Court/@54.0464446,-2.7995684,17z/data=!3m1!4b1!4m5!3m4!1s0x487b627ddf8bbc67:0x69c9a506b77d0c2c!8m2!3d54.0464446!4d-2.7973797"
68,SC068,SSCS Liverpool,Prudential House,36 Dale Street,,Liverpool,Merseyside,L2 5UZ,051 236 4334,601,"https://www.google.com/maps/place/36+Dale+Street+Liverpool+Merseyside+L2+5UZ/@53.407820,-2.988509"
70,SC946,SSCS Liverpool,Manchester Civil Justice Centre,1 Bridge Street West,,,Manchester,M60 9DJ,,601,"https://www.google.com/maps/place/1+Bridge+Street+West+Manchester+M60+9DJ/@53.481291,-2.252334"
71,SC947,SSCS Liverpool,Old Post Office,The Esplanade,,,,OL16 1AE,,601,"https://www.google.com/maps/place/Old+Post+Office,+The+Esplanade,+Rochdale+OL16+1AE,+UK/@53.6165237,-2.1609664,17z/data=!3m1!4b1!4m5!3m4!1s0x487bb95b1a05cc9f:0xcf405b73889181f8!8m2!3d53.6165237!4d-2.1587777"
75,SC075,SSCS Liverpool,Deafway,Brockholes Brow,,Preston,Lancashire,PR2 5AL,0151 342 1400,601,"https://www.google.com/maps/place/Deafway/@53.7655175,-2.6511283,17z/data=!4m13!1m7!3m6!1s0x487b73b092ffa3eb:0x3d18ea7adbbf6ff8!2sBrockholes+Brow,+Preston,+UK!3b1!8m2!3d53.7655175!4d-2.6489396!3m4!1s0x0:0x10897e0cf87c9cf3!8m2!3d53.765406!4d-2.6531124"
79,SC079,SSCS Liverpool,Wigan & Leigh Court House,Darlington Street,,Wigan,Greater Manchester,WN1 1DW,,601,"https://www.google.com/maps/place/Darlington+Street+Wigan+Greater+Manchester+WN1+1DW/@53.542792,-2.626847"
81,SC081,SSCS Glasgow,The AB1 Building,48 Huntly Street,,Aberdeen,,AB10 1SH,,501,"https://www.google.com/maps/place/AB1+Building/@57.145774,-2.1092923,17z/data=!4m8!1m2!2m1!1sab1+building+48+Huntly+Street+Aberdeen+AB10+1SH!3m4!1s0x48840e23f4627621:0xd296eb1b5d3d8ee3!8m2!3d57.1459279!4d-2.1070763"
84,SC084,SSCS Glasgow,Russell House,King Street,,Ayr,,KA8 0BD,,501,"https://www.google.com/maps/place/Russell+House,+King+St,+Ayr+KA8+0BE,+UK/@55.4664801,-4.6271002,17z/data=!3m1!4b1!4m5!3m4!1s0x4889d420ddacc5b9:0xb6e56f0b29fa2a40!8m2!3d55.4664032!4d-4.6248978"
85,SC085,SSCS Glasgow,Burgh Hall,Church Street,,Dumbarton,,G82 1QL,,501,"https://www.google.com/maps/place/Burgh+Hall,+10+Church+St,+Dumbarton+G82+1QL,+UK/@55.9435322,-4.5680991,18z/data=!3m1!4b1!4m5!3m4!1s0x488852a11c8e30d7:0xa43b598c023233c5!8m2!3d55.9435712!4d-4.5672617"
86,SC086,SSCS Glasgow,Kintyre Community and Education Centre,Stewart Road,,CAMPBELTOWN,Argyll,PA28 6AT,,501,"https://www.google.com/maps/place/Kintyre+Community+Education+Centre/@55.4221089,-5.6074915,17z/data=!3m1!4b1!4m5!3m4!1s0x488a06eee4216081:0x59e574a5bf9072f8!8m2!3d55.4221059!4d-5.6053028"
89,SC948,SSCS Glasgow,Dundee Tribunal Centre,Ground Floor,Caledonian House,Greenmarket,Dundee,DD1 4QX,,501,"https://www.google.com/maps/place/Employment+Tribunal+Service/@56.4568821,-2.9746202,17z/data=!3m1!4b1!4m5!3m4!1s0x48865cbfb7a5dfb7:0x6b9c47f1c3a2077a!8m2!3d56.4568792!4d-2.9724315"
90,SC090,SSCS Glasgow,St Leonards Church Hall,Woodmill Street,,Dunfermline,,KY11 4JN,,501,"https://www.google.com/maps/place/HM+Courts+%26+Tribunal+Service/@56.0675323,-3.4550886,17z/data=!4m8!1m2!2m1!1sSt+Leonards+Church+Hall+Woodmill+Street+Dunfermline+KY11+4JN!3m4!1s0x0:0x2795c4a07bb58f29!8m2!3d56.0668728!4d-3.4540281"
91,SC091,SSCS Glasgow,Riverside House,"Floor 2, Riverside House",502 Gorgie Road,Edinburgh,,EH11 3AF,,501,"https://www.google.com/maps/place/Floor+2%2C+Riverside+House+502+Gorgie+Road+Edinburgh+EH11+3AF/@55.932368,-3.250028"
92,SC092,SSCS Glasgow,Phoenix House,1 Wards Road,,Elgin,Morayshire,IV30 1QL,,501,"https://www.google.com/maps/place/1+Wards+Road+Elgin+Morayshire+IV30+1QL/@57.643429,-3.313722"
94,SC094,SSCS Glasgow,Old Gala House,Scott Street,,,,TD1 3JS,,501,"https://www.google.com/maps/place/Old+Gala+House/@55.6139186,-2.8109789,17z/data=!3m1!4b1!4m5!3m4!1s0x48878497ed0146c9:0xb52f68bbad9c92e2!8m2!3d55.6139156!4d-2.8087902"
96,SC100,SSCS Glasgow,Wellington House,134-136 Wellington Street,,Glasgow,,G2 2XL,0141 353 1441,501,"https://www.google.com/maps/place/134-136+Wellington+Street+Glasgow+G2+2XL/@55.864541,-4.259269"
97,SC942,SSCS Glasgow,Cairndale Hotel,Park House Conference Centre,Park House Conf. Centre,English Street,Dumfries,DG1 2DF,,501,"https://www.google.com/maps/place/Cairndale+Hotel+and+Leisure+Club/@55.0695532,-3.6078285,17z/data=!3m1!4b1!4m5!3m4!1s0x4862ca6c3fb8bee3:0xc6d81ae005b51c12!8m2!3d55.0695501!4d-3.6056398"
101,SC101,SSCS Glasgow,Hamilton Tribunal Centre,Ground Floor,"Block C, Brandon Gate           ",Leechlee Road,Hamilton,ML3 6AU,,501,"https://www.google.com/maps/place/Brandon+Gate,+1+Leechlee+Rd,+Hamilton+ML3+6AU,+UK/@55.7746349,-4.0403292,17z/data=!3m1!4b1!4m5!3m4!1s0x4888152953f283f9:0x90dd2857d999ea51!8m2!3d55.7746342!4d-4.0385962"
104,SC104,SSCS Glasgow,Urquhart House,Urquhart House (Ground FL ),Beechwood Business Park,Inverness,,IV2 3BW,,501,"https://www.google.com/maps/place/Inverness+IV2+3BW,+UK/@57.4723634,-4.1884,18.32z/data=!4m5!3m4!1s0x488f712578a5bc3f:0x8bbcaac50701b176!8m2!3d57.4723245!4d-4.1877119"
105,SC105,SSCS Glasgow,Volunteer Rooms,19 High Street,,Irvine,,KA12 0BA,,501,"https://www.google.com/maps/place/Volunteer+Rooms/@55.613285,-4.6670893,17z/data=!3m1!4b1!4m5!3m4!1s0x4889ce70826bada3:0x6e9c5c12a699c568!8m2!3d55.613282!4d-4.6649006"
106,SC106,SSCS Glasgow,North West Kilmarnock Area Centre,N. West Kilmarnock Area Centre,Western Road,Kilmarnock,,KA3 1NQ,,501,"https://www.google.com/maps/place/N.+West+Kilmarnock+Area+Centre+Western+Road+Kilmarnock+KA3+1NQ/@55.621746,-4.498801"
108,SC108,SSCS Glasgow,The New Volunteer House,16 East Fergus Place,,Kirkcaldy,,KY1 1XY,,501,"https://www.google.com/maps/place/16+East+Fergus+Place+Kirkcaldy+KY1+1XY/@56.110359,-3.165411"
109,SC109,SSCS Glasgow,St Magnus Centre,Palace Road,,Kirkwall,,KW15 1PA,,501,"https://www.google.com/maps/place/St+Magnus+Centre/@58.9810307,-2.9617829,17z/data=!4m13!1m7!3m6!1s0x489b01618535d601:0xab9aa4f81d4897c7!2sPalace+Rd,+Kirkwall+KW15+1PA,+UK!3b1!8m2!3d58.9810307!4d-2.9595942!3m4!1s0x489b01622ebeab85:0xc42f83702ca7779b!8m2!3d58.9809914!4d-2.9581453"
110,SC110,SSCS Glasgow,Islesburgh Community Centre,King Harald Street,,Lerwick,,ZE1 0EQ,,501,"https://www.google.com/maps/place/King+Harald+Street+Lerwick+ZE1+0EQ/@60.152732,-1.149263"
111,SC111,SSCS Glasgow,The Bayhead Bridge Centre,Lamont Lane,Bayhead,Stornoway,Isle of Lewis,HS1 2EB,,501,"https://www.google.com/maps/place/The+Bayhead+Bridge+Centre/@58.2130578,-6.3896899,17z/data=!3m1!4b1!4m5!3m4!1s0x4892082a65a7ea67:0xf22a312ecfe11c13!8m2!3d58.213055!4d-6.3875012"
112,SC112,SSCS Glasgow,The Corran Halls,54 Esplanade,,Oban,,PA34 5AB,,501,"https://www.google.com/maps/place/54+Esplanade+Oban+PA34+5AB/@56.419119,-5.476135"
114,SC114,SSCS Glasgow,The High Kirk,Leswalt High Road,,Stranraer,,DG9 0AA,,501,"https://www.google.com/maps/place/High+Kirk,+Leswalt+High+Rd+Stranraer/@54.9047076,-5.0362165,17z/data=!3m1!4b1!4m5!3m4!1s0x48623bb247a8fa8f:0x56379a32df7fd4c7!8m2!3d54.9047045!4d-5.0340278"
115,SC115,SSCS Glasgow,The Assembly Rooms,The Mowatt Room,Assembly Rooms,Sinclair Terrace,Wick,KW1 5AB,,501,"https://www.google.com/maps/place/Wick+Assembly+Rooms/@58.4392267,-3.0920903,17z/data=!3m1!4b1!4m5!3m4!1s0x489ad6baf714f0ed:0x38c71102a5f53703!8m2!3d58.4392239!4d-3.0899016"
122,SC122,SSCS Liverpool,Bayley House,St Georges Square,,Bolton,Greater Manchester,BL1 2HB,,601,"https://www.google.com/maps/place/St+George's+St,+Bolton+BL1+2HB,+UK/@53.5832288,-2.4294378,17z/data=!3m1!4b1!4m5!3m4!1s0x487ba6ff655ed027:0xd1303ea7271b3a2d!8m2!3d53.5829622!4d-2.4275295"
123,SC123,SSCS Liverpool,St James House,1st Floor,St. James Row,Burnley,Lancashire,BB11 1LH,01282 416587,601,"https://www.google.com/maps/place/1st+Floor+St.+James+Row+Burnley+Lancashire+BB11+1LH/@53.788887,-2.244236"
132,SC132,SSCS Birmingham,Norfolk House,23 Southway,,Colchester,Essex,CO3 3EG,01206 576230,201,"https://www.google.com/maps/place/23+Southway+Colchester+Essex+CO3+3EG/@51.887490,0.893785"
133,SC133,SSCS Birmingham,Harlow Magistrates Court,The Court House,,Harlow,Essex,CM20 1HH,,201,"https://maps.google.com/maps?q=51.7683073546,0.0967443677064"
134,SC135,SSCS Birmingham,Ipswich Tribunals & Witness Suite,Elm Street,,,Ipswich,IP1 2AP,01473 626080,201,"https://www.google.com/maps?q=52.0568659044,1.14889336766"
140,SC140,SSCS Birmingham,Cambridge County Court,,197 East Road,Cambridge,Cambridgeshire,CB1 1BA,01223 360749,201,"https://www.google.com/maps/place/197+East+Road+Cambridge+Cambridgeshire+CB1+1BA/@52.203713,0.132065"
141,SC141,SSCS Birmingham,Kings Lynn Magistrates Court,The Court House,College Lane,Kings Lynn,Norfolk,PE30 1PQ,,201,"https://www.google.com/maps/place/Kings+Lynn+Magistrates+Court/@52.751744,0.3915031,17z/data=!3m1!4b1!4m5!3m4!1s0x47d7f4d335c6f035:0x9d07beb2f9ba32c1!8m2!3d52.751744!4d0.3936918"
142,SC142,SSCS Birmingham,The Old Bakery,115 Queens Road,,Norwich,Norfolk,NR1 3PL,01603 610978,201,"https://www.google.com/maps/place/The+Tribunal+Services/@52.6221993,1.2928999,17z/data=!3m1!4b1!4m5!3m4!1s0x47d9e3e4e1b11f6d:0xe59811e6d74ce2b3!8m2!3d52.6221993!4d1.2950886"
143,SC143,SSCS Birmingham,Peterborough Magistrates Court,Bridge Street,,Rochdale,Cambridgeshire,PE1 1ED,01733 60218,201,"https://www.google.com/maps/place/Peterborough+Magistrates+Court/@52.5699432,-0.2437566,17z/data=!3m1!4b1!4m5!3m4!1s0x4877f054852ddb7f:0x12224bb95dfa6581!8m2!3d52.5699432!4d-0.2415679"
146,SC919,SSCS Birmingham,Acorn House,Great Oaks,,Basildon,,SS14 1AH,,201,"https://www.google.com/maps/place/Great+Oaks+Basildon+SS14+1AH/@51.571550,0.458347"
147,SC921,SSCS Birmingham,Enfield Tribunal Centre,288 Southbury Road,,Enfield,Middlesex,EN1 1TR,,201,"https://www.google.com/maps/place/Enfield+Tribunals+Service/@51.6494727,-0.0593956,17z/data=!4m8!1m2!2m1!1s288+Southbury+Road+Enfield+Middlesex+EN1+1TR!3m4!1s0x0:0x5f703fe0df49f569!8m2!3d51.6494532!4d-0.0571458"
151,SC151,SSCS Birmingham,Ashford House,"1st Floor, Ashford House",County Square Shopping Centre,Ashford,Kent,TN23 1YB,,4501,"https://www.google.com/maps/place/1st+Floor%2C+Ashford+House+County+Square+Shopping+Centre+Ashford+Kent+TN23+1YB/@51.148349,0.869790"
154,SC154,SSCS Sutton,Copthall House,9 The Pavement,Grove Road,Sutton,Surrey,SM1 1DA,020 8710 2947,4501,"https://www.google.com/maps/place/HM+Courts+%26+Tribunals+Service/@51.3600284,-0.1948051,17z/data=!4m5!3m4!1s0x4876081024445bf3:0xcff7bbd4c8de0065!8m2!3d51.3600284!4d-0.1926111"
156,SC242,SSCS Sutton,Fox Court,4th Floor,30 Brooke Street,,,EC1N 7RS,,4501,"https://www.google.com/maps/place/4th+Floor+30+Brooke+Street+EC1N+7RS/@51.518706,-0.110348"
168,SC168,SSCS Sutton,Bexleyheath Tribunal Centre,40/46 Avenue Road,,Bexleyheath,,DA7 4EG,081 301 6146,4501,"https://www.google.com/maps/place/HM+Courts+and+Tribunals+Service/@51.462488,0.1322332,18.59z/data=!4m5!3m4!1s0x47d8aefa78a21203:0xb9824df45e37c945!8m2!3d51.4624141!4d0.1323513"
170,SC170,SSCS Birmingham,Margate Magistrates Court,Cecil Square,,Margate,Kent,CT9 1RL,,4501,"https://www.google.com/maps/place/Margate+Magistrates'+Court/@51.3875311,1.3795451,17z/data=!3m1!4b1!4m5!3m4!1s0x47d953aee912ce55:0xae0d090ce0ceb9d6!8m2!3d51.3875311!4d1.3817391"
171,SC171,SSCS Birmingham,The Law Courts,Old Orchard Road,,Eastbourne,East Sussex,BN21 4UN,,4501,"https://www.google.com/maps/place/Eastbourne+County+Court/@50.7675182,0.2755401,17z/data=!3m1!4b1!4m5!3m4!1s0x47df73fc2b34bbbd:0xbb7d285b7a53555b!8m2!3d50.7675182!4d0.2777341"
173,SC173,SSCS Sutton,Hatton Cross SSCS Tribunal,York House,2-3 Dukes Green Avenue,,"Feltham, Middlesex",TW14 OLS,0300 123 1142,4501,"https://www.google.com/maps/place/IAC+Hatton+Cross/@51.4584255,-0.4161272,17z/data=!3m1!4b1!4m5!3m4!1s0x4876730ef467d05b:0x6abf87930b598efa!8m2!3d51.4584255!4d-0.4139332"
175,SC175,SSCS Birmingham,Reading Tribunal Centre,5th Floor,30-31 Friar Street,Reading,,RG1 1DX,,401,"https://www.google.com/maps/place/5th+Floor+30-31+Friar+Street+Reading+RG1+1DX/@51.456923,-0.973351"
177,SC177,SSCS Birmingham,City Gate House,185 Dyke Road,,Brighton,,BN3 1TL,,4501,"https://www.google.com/maps/place/Tribunals/@50.8323971,-0.1497871,19.01z/data=!4m12!1m6!3m5!1s0x4875856f8f677411:0x650b834527f488e6!2sTribunals!8m2!3d50.8324279!4d-0.1495538!3m4!1s0x4875856f8f677411:0x650b834527f488e6!8m2!3d50.8324279!4d-0.1495538"
178,SC178,SSCS Birmingham,Bromley Magistrates Court,1st Floor Conference Room,,1 London Road,"Bromley, Kent",BR1 1RA,,4501,"https://www.google.com/maps/place/Bromley+Magistrates'+Court/@51.407627,0.0088869,17z/data=!3m1!4b1!4m5!3m4!1s0x47d8aa728671d2e3:0xa6b298d539f44806!8m2!3d51.407627!4d0.0110809"
179,SC113,SSCS Glasgow,Wallace House,Maxwell Place,,Stirling,,FK8 1JU,,501,"https://www.google.com/maps/place/Wallace+House/@56.1206653,-3.9398036,17z/data=!4m8!1m2!2m1!1sWallace+House+FK8+1JU!3m4!1s0x4888629572c7c569:0xfb6827670433296e!8m2!3d56.1207496!4d-3.9376619"
186,SC186,SSCS Cardiff,Vintry Building,3rd Floor,Vintry Building,Wine Street,Bristol,BS1 2BD,,4503,"https://www.google.com/maps/place/3rd+Floor+Vintry+Building+Wine+Street+Bristol+BS1+2BD/@51.455602,-2.591665"
187,SC187,SSCS Cardiff,Caernarfon County Court,Llanberis Road,Llanberis Road,Caernarfon,Gwynedd,LL55 2DF,01286 678911,301,"https://www.google.com/maps/place/Caernarfon+County+Court/@53.1409744,-4.2669829,17z/data=!3m1!4b1!4m5!3m4!1s0x4865a5ff57dae931:0x1efdfc1c37958879!8m2!3d53.1409712!4d-4.2647942"
189,SC189,SSCS Cardiff,Rivershill House,Floor 2,82 St Georges Road,Cheltenham,Gloucestershire,GL50 3EX,01242 254144,4503,"https://www.google.com/maps/place/Floor+2+82+St+Georges+Road+Cheltenham+Gloucestershire+GL50+3EX/@51.899450,-2.084082"
192,SC192,SSCS Cardiff,Weymouth Magistrates Court,The Law Courts,Westway Road,,Weymouth,DT4 8BS,,4503,"https://www.google.com/maps/place/Weymouth+Magistrates+Court/@50.6080249,-2.4621751,17z/data=!4m8!1m2!2m1!1sweymouth+combined+court!3m4!1s0x4872f7063f4c98e9:0xa2273a361df4d377!8m2!3d50.6083527!4d-2.460119"
194,SC194,SSCS Cardiff,Keble House,2nd Floor,Keble House,Southernhay Gardens,Exeter,EX1 1NT,,4503,"https://www.google.com/maps/place/Tribunals+Service/@50.7218954,-3.526045,18.56z/data=!4m13!1m7!3m6!1s0x486da43d0daccb85:0x2d6425dd87fae438!2sExeter+EX1+1NT,+UK!3b1!8m2!3d50.7218369!4d-3.5254319!3m4!1s0x486da43d0cf7aa57:0x6535ac7ec2f0bd82!8m2!3d50.721826!4d-3.5254466"
195,SC195,SSCS Cardiff,Pembrokeshire Law Courts,Penffynnon,Hawthorn Rise,,"Haverfordwest, Pembs.",SA61 2AX,01437 768941,301,"https://www.google.com/maps/place/Pembrokeshire+Law+Courts/@51.8010013,-4.9815254,18.69z/data=!4m13!1m7!3m6!1s0x4869258867d4ec8d:0xc9e44998681e6f94!2sHaverfordwest+SA61+2AX,+UK!3b1!8m2!3d51.8009996!4d-4.9805938!3m4!1s0x486925886790e6ff:0x3b8cf6e28277dc79!8m2!3d51.8011016!4d-4.9809507"
198,SC198,SSCS Cardiff,The Law Courts,1 Quay Street,,Newport,Isle of Wight,PO30 5YT,,4503,"https://www.google.com/maps/place/Courts/@50.701205,-1.2937947,17z/data=!3m1!4b1!4m5!3m4!1s0x487462cd19620477:0x6ffe3fafba7ae7c0!8m2!3d50.7012016!4d-1.291606"
199,SC199,SSCS Cardiff,Plas Dolerw,Milford Road,,Newtown,Powys,SY16 2EH,,301,"https://www.google.com/maps/place/Newtown+SY16+2EH,+UK/@52.5154719,-3.3240503,18.59z/data=!4m5!3m4!1s0x486ffb6490d5c873:0x250622992707e85d!8m2!3d52.5156711!4d-3.323016"
200,SC200,SSCS Cardiff,Devon & Cornwall Probation Area,St Catherine's House,5 Notte Street,Plymouth,Devon,PL1 2TS,01752 268361,4503,"https://www.google.com/maps/place/Devon+%26+Cornwall+Probation+Area/@50.3683877,-4.1444777,19.9z/data=!4m13!1m7!3m6!1s0x486c934e0e649539:0x5c5c14a015c134f8!2sNotte+St,+Plymouth+PL1+2TS,+UK!3b1!8m2!3d50.3684757!4d-4.1440661!3m4!1s0x486c934e0eddf545:0xe13156092c94bcb9!8m2!3d50.3684152!4d-4.1440538"
201,SC201,SSCS Cardiff,Havant Magistrates Court Building,The Courthouse,Elmleigh Road,,Havant,PO9 2AL,02 392 839 238,4503,"https://www.google.com/maps/place/Magistrates+Court/@50.8565386,-0.9854132,17z/data=!3m1!4b1!4m5!3m4!1s0x487444db5abdb8a9:0xd441b0067d2e7b28!8m2!3d50.8565352!4d-0.9832245"
205,SC205,SSCS Cardiff,Magistrates Court,Princess Street,,Swindon,Wiltshire,SN1 2JB,,4503,"https://www.google.com/maps/place/Swindon+Magistrates+Court/@51.5608037,-1.7831842,17z/data=!3m1!4b1!4m5!3m4!1s0x48714448ea55e1f1:0x649f5b2cc5505d48!8m2!3d51.5608004!4d-1.7809955"
206,SC206,SSCS Cardiff,Taunton Magistrates Court,St John’s Road,,Taunton,,TA1 4AX,,4503,"https://www.google.com/maps/place/Taunton+Magistrates'+Court/@51.0133679,-3.1109224,17z/data=!4m8!1m2!2m1!1sTaunton+Magistrates+Court!3m4!1s0x486df458c6fabc4b:0xb90d69a0d1978518!8m2!3d51.0140544!4d-3.1096639"
209,SC209,SSCS Cardiff,Wrexham County Court,Bodhyfryd,,Wrexham,,LL12 7BP,,301,"https://www.google.com/maps/place/Wrexham+County+Court/@53.0481086,-2.9911406,17z/data=!4m13!1m7!3m6!1s0x487ac71e8b4fbe03:0x1c9d1c68780b51d6!2sBodhyfryd,+Wrexham+LL12,+UK!3b1!8m2!3d53.0482505!4d-2.9885549!3m4!1s0x487ac71e81d806e3:0x232f77fc68732062!8m2!3d53.0483859!4d-2.9895815"
210,SC188,SSCS Cardiff,Eastgate House,City Road Entrance,Newport Road,Cardiff,,CF24 0AB,,301,"https://www.google.com/maps/place/Eastgate+House,+35-43+Newport+Rd,+Cardiff+CF24+0AB,+UK/@51.4850547,-3.1680269,17z/data=!3m1!4b1!4m5!3m4!1s0x486e1cc65a7b76a7:0x44ee35803c574bf7!8m2!3d51.4850514!4d-3.1658382"
221,SC221,SSCS Newcastle,The Voluntary Centre,5 Tweed Street,,Berwick upon Tweed,Northumberland,TD15 1NG,01289 330661,4401,"https://www.google.com/maps/place/5+Tweed+Street+Berwick+upon+Tweed+Northumberland+TD15+1NG/@55.771565,-2.008505"
224,SC224,SSCS Newcastle,Northgate House,Unit 3,St. Augustine Way,Darlington,County Durham,DL1 1XA,,4401,"https://www.google.com/maps/place/Northgate+House,+St+Augustines+Way,+Darlington+DL1+1XA,+UK/@54.5286078,-1.5556802,17z/data=!3m1!4b1!4m5!3m4!1s0x487e9bc6020fb7ff:0x79224c35936a23b9!8m2!3d54.5286047!4d-1.5534915"
225,SC225,SSCS Newcastle,Elvet House,Hallgarth Street,,Durham,Co Durham,DH1 3BP,0191 3877156,4401,"https://www.google.com/maps/place/Hallgarth+Street+Durham+Co+Durham+DH1+3BP/@54.771135,-1.569411"
226,SC226,SSCS Newcastle,Hartlepool County and Magistrates Court,Hartlepool County and Mags Court,Victoria Road,Hartlepool,Cleveland,TS24 8AG,01429 266345,4401,"https://www.google.com/maps/place/Hartlepool+Magistrates/@54.6857569,-1.2166649,17z/data=!4m8!1m2!2m1!1sHartlepool+County+and+Magistrates+court!3m4!1s0x487ef3867865c5c9:0x36ade5e7a25231f0!8m2!3d54.6857924!4d-1.2140195"
227,SC227,SSCS Newcastle,"HM Courts & Tribunals Service, Centre North East",HM Courts & Tribunals Service,"3rd Floor,  Centre North East   ",73 – 75 Albert Road,Middlesbrough,TS1 2RU,01642 232574,4401,"https://www.google.com/maps/place/Centre+North+East,+Middlesbrough,+UK/@54.5752625,-1.2386251,17z/data=!3m1!4b1!4m5!3m4!1s0x487eed1221b32529:0x4acf09c8e0bcbe64!8m2!3d54.5752594!4d-1.2364364"
228,SC228,SSCS Newcastle,Manorview House,Kings Manor,,Newcastle,Tyne and Wear,NE1 6PA,0191 2012300,4401,"https://www.google.com/maps/place/Manorview+House,+HMCTS+Tribunal+Centre/@54.9734558,-1.6082254,17z/data=!3m1!4b1!4m5!3m4!1s0x487e70c7e485365f:0x1cc41e14d5597a9f!8m2!3d54.9734527!4d-1.6060367"
232,SC232,SSCS Newcastle,Kings Court,Royal Quays,Earl Grey Way,,North Shields,NE29 6AR,0191 2960249,4401,"https://www.google.com/maps/place/Kings+Court,+Earl+Grey+Way,+North+Shields+NE29+6AR,+UK/@54.9984312,-1.4625101,17z/data=!3m1!4b1!4m5!3m4!1s0x487e6e551931a0f1:0x7e97a5ac38f9cacb!8m2!3d54.9984003!4d-1.4601734"
233,SC233,SSCS Newcastle,South Tyneside Magistrates Court,Millbank/Secretan Way,,South Shields,Tyne & Wear,NE33 1RG,,4401,"https://www.google.co.uk/maps/place/South+Tyneside+Magistrates+Court/@54.9927658,-1.441352,17z/data=!4m13!1m7!3m6!1s0x487e6f1c44bfadef:0x8944659d4eb2dcb5!2sSouth+Shields+NE33+1RG!3b1!8m2!3d54.9930239!4d-1.439086!3m4!1s0x487e6f1c44bbd355:0x363f29882357e1db!8m2!3d54.9932477!4d-1.4390514"
234,SC234,SSCS Newcastle,Bayheath House,Prince Regent Street,,Stockton,Cleveland,TS18 1EE,01642 634406,4401,"https://www.google.com/maps/place/Bay+Heath+House/@54.5627329,-1.3172011,17z/data=!3m1!4b1!4m5!3m4!1s0x487e92fc94e3dc4f:0xc6cab4877a8432e8!8m2!3d54.5627298!4d-1.3150124"
236,SC236,SSCS Newcastle,Hylton Park,"Unit 2c, Hylton Park",Wessington Way,Sunderland,Tyne and Wear,SR5 3HD,0191 5102729,4401,"https://www.google.com/maps/place/Sunderland+SR5+3HD,+UK/@54.9185944,-1.4243795,18.5z/data=!4m5!3m4!1s0x487e65c86b19d583:0xf728568b327626b1!8m2!3d54.9186452!4d-1.4240203"
240,SC240,SSCS Leeds,Phoenix House,Rushton Avenue,,Oldham,Bradford,BD3 7BH,,101,"https://www.google.com/maps/place/Bradford+BD3+7BH,+UK/@53.8013423,-1.7137514,17z/data=!3m1!4b1!4m5!3m4!1s0x487be178215a04a1:0xf425c0546e7891dc!8m2!3d53.8010184!4d-1.7113211"
241,SC160,SSCS Birmingham,Fox Court,4th Floor,14 Gray's Inn Road,London,,WC1X 8HN,,201,"https://www.google.com/maps/place/4th+Floor+14+Gray%27s+Inn+Road+London+WC1X+8HN/@51.522811,-0.114454"
260,SC904,SSCS Cardiff,Chippenham Magistrates Court,Chippenham Magistrates Ct,"The Courthouse, Pewsham Way     ",Chippenham,Wiltshire,SN15 3BF,,4503,"https://www.google.com/maps/place/Chippenham+Law+Courts/@51.4526591,-2.1133291,17z/data=!4m8!1m2!2m1!1sChippenham+Magistrates+Court+SN15+3BF!3m4!1s0x0:0x6d00d2cd45d19160!8m2!3d51.4527249!4d-2.1111761"
261,SC917,SSCS Glasgow,The Tontine Hotel,6 Ardgowan Square,,Greenock,,PA16 8NG,,501,"https://www.google.com/maps/place/The+Tontine+Hotel/@55.9523194,-4.7696443,17z/data=!4m15!1m9!2m8!1sHotels!3m6!1sHotels!2s55.9523194,+-4.7674556!3s0x4889ae3435610449:0x75ee1e39c16b0ac9!4m2!1d-4.7674556!2d55.9523194!3m4!1s0x4889ae3435610477:0x14d00326117521f!8m2!3d55.9526291!4d-4.7679015"
262,SC920,SSCS Birmingham,Bayley House,Sish Lane,,Stevenage,Hertfordshire,SG1 3SS,,201,"https://www.google.com/maps/place/North+%26+East+Hertfordshire+Magistrates+Court/@51.9076735,-0.2060617,20.19z/data=!4m13!1m7!3m6!1s0x487631c45327ed3f:0xa3b873d3d02cbb36!2sBayley+House,+135+High+St,+Stevenage+SG1+3HT,+UK!3b1!8m2!3d51.9076703!4d-0.2061141!3m4!1s0x487631c45324319b:0x65a4c8b178aa7959!8m2!3d51.9076406!4d-0.2061801"
265,SC914,SSCS Birmingham,Luton Magistrates’ Court,Stuart Street,,Luton,Bedfordshire,LU1 5BL,01582 470900,201,"https://www.google.com/maps/place/51%C2%B052'41.6%22N+0%C2%B025'13.0%22W/@51.878233,-0.4224739,17z/data=!3m1!4b1!4m5!3m4!1s0x0:0x0!8m2!3d51.878233!4d-0.4202852"
266,SC915,SSCS Cardiff,Llangefni County Court,Glanhwfa Road,Llangefni,Anglesey,,LL77 7EN,,301,"https://www.google.com/maps/place/Llangefni+County+Court/@53.2549642,-4.3135871,17z/data=!4m13!1m7!3m6!1s0x4865ac4e98ef4a7d:0xbbcc5db9fde0d93f!2sGlanhwfa+Rd,+Llangefni+LL77+7EN,+UK!3b1!8m2!3d53.2549899!4d-4.3116573!3m4!1s0x4865ac4bb7820a15:0xb9b55e2b6fa5a6aa!8m2!3d53.2542897!4d-4.3118086"
267,SC924,SSCS Liverpool,Carlisle Magistrates Court,Rickergate,,Carlisle,Cumbria,CA3 8QH,01228 515418,601,"https://www.google.com/maps/place/Rickergate+Carlisle+Cumbria+CA3+8QH/@54.897092,-2.935262"
268,SC925,SSCS Liverpool,Whitehaven County Court,SSCS Tribunal,Whitehaven County Court,"Old Town Hall, Duke Street",Whitehaven,CA28 7NU,,601,"https://www.google.com/maps/place/Old+Town+Hall+Duke+Street+Whitehaven+CA28+7NU/@54.548190,-3.584139"
991,SC950,SSCS Leeds,Wilberforce Court,Wilberforce Court,Alfred Gelder Street,Hull,,HU1 1YR,,101,"https://www.google.com/maps/place/Wilberforce+Court,+High+St,+Hull+HU1+1NE,+UK/@53.743983,-0.3328633,17z/data=!3m1!4b1!4m5!3m4!1s0x4878be188efa0701:0x6c11274d9379d043!8m2!3d53.7439798!4d-0.3306746"
992,SC992,SSCS Cardiff,Columbus House,Langstone Business Park,,Chepstow Road,Newport,NP18 2LX,,301,"https://www.google.com/maps/place/Langstone+Business+Park+Chepstow+Road+Newport+NP18+2LX/@51.604911,-2.920426"
993,SC993,SSCS Leeds,Grimsby Magistrates Court,Victoria Street,,,Grimsby,DN31 1PD,,101,"https://www.google.com/maps/place/Grimsby+Magistrates'+Court/@53.5686709,-0.0823381,17z/data=!3m1!4b1!4m5!3m4!1s0x48789cb426ba4ac7:0xf63e59280ba4d30b!8m2!3d53.5686677!4d-0.0801494"
996,SC309,SSCS Birmingham,Derwent Court,Macklin Street,,Derby,,DE1 1SG,01332 369716,4201,"https://www.google.com/maps/place/90+Macklin+St,+Derby+DE1+1JX,+UK/@52.9211605,-1.4821964,19.82z/data=!4m5!3m4!1s0x4879f13cf5a13123:0xdfa8b8d73a25aab2!8m2!3d52.9211477!4d-1.4817997"
998,SC314,SSCS Birmingham,Kings Court,3rd Floor,5A New Walk,,Leicester,LE1 6TE,01162-531730,4201,"https://www.google.com/maps/place/52%C2%B037'48.5%22N+1%C2%B007'50.0%22W/@52.6301497,-1.1327347,17z/data=!3m1!4b1!4m5!3m4!1s0x0:0x0!8m2!3d52.6301497!4d-1.130546"
1000,SC316,SSCS Birmingham,St. Katherines House,St. Katherines Street,,Northampton,,NN1 2LX,01604-24152,4201,"https://www.google.com/maps/place/Independent+Tribunal+Service/@52.2374067,-0.90036,20.09z/data=!4m13!1m7!3m6!1s0x48770ee76512d181:0xb3e4c576f7145a31!2sSt+Katherines+St,+Northampton+NN1,+UK!3b1!8m2!3d52.2374617!4d-0.8995206!3m4!1s0x48770ee76ec8d6a7:0x6941ec99bc37726c!8m2!3d52.2373639!4d-0.8999683"
1001,SC317,SSCS Birmingham,Byron House,4th Floor,2a Maid Marian Way,Nottingham,,NG1 6HS,01159-241774,4201,"https://www.google.com/maps/place/Byron+House,+4+Maid+Marian+Way,+NG1+6HS,+UK/@52.9529668,-1.155384,19z/data=!3m1!4b1!4m5!3m4!1s0x4879c22a1653fc7f:0xf87eac605b23f187!8m2!3d52.952988!4d-1.1546132"
1002,SC002,SSCS Birmingham,Shrewsbury Tribunal Service,Magistrates Court House,Preston Street,,Shrewsbury,SY2 5NX,,401,"https://www.google.com/maps/place/52%C2%B042'18.1%22N+2%C2%B043'47.5%22W/@52.705016,-2.7311947,17z/data=!3m1!4b1!4m6!3m5!1s0x0:0x0!7e2!8m2!3d52.7050157!4d-2.7298693"
1003,SC005,SSCS Liverpool,Manchester Medical Appeal Tribunal,"1st Floor, Piccadilly Exchange",2 Piccadilly Plaza,Mosley Street,Manchester,M1 4AH,,601,"https://www.google.com/maps/place/2+Piccadilly%2C+Manchester+M1+4AH/@53.480472,-2.239094"
1004,SC242,SSCS Birmingham,Fox Court,14 Gray's Inn Road,,London,,WC1X 8HN,,4201,"https://www.google.com/maps/place/14+Gray%27s+Inn+Road+London+WC1X+8HN/@51.518938,-0.110982"
1005,SC102,SSCS Sutton,Anchorage House,2nd Floor (Reception Area B),Anchorage House,2 Clove Crescent,London,E14 2BE,,201,"https://www.google.com/maps/place/East+London+Employment+Tribunals+Service/@51.5102981,-0.0070105,17z/data=!4m8!1m2!2m1!1sAnchorage+House+++++++++++++++++%092nd+Floor+(Reception+Area+B)%09Anchorage+House+++++++++++++++++%092+Clove+Crescent%09London%09E14+2BE!3m4!1s0x0:0x3ca2d9057f8b0c3b!8m2!3d51.510017!4d-0.004773"
1008,SC919,SSCS Birmingham,Acorn House,Great Oaks,,Basildon,,SS14 1AH,,4201,"https://www.google.com/maps/place/Great+Oaks+Basildon+SS14+1AH/@51.571550,0.458347"
1009,SC022,SSCS Birmingham,Bedford Hearing Centre,8-10 Howard Street,,BEDFORD,,MK40 3HS,,4201,"https://www.google.com/maps/place/Employment+Tribunals+Service/@52.1378448,-0.4657639,19.71z/data=!4m13!1m7!3m6!1s0x4877b6db3803501d:0x2be349b6c14f5d2d!2s8+Howard+St,+Bedford+MK40,+UK!3b1!8m2!3d52.1378727!4d-0.4655385!3m4!1s0x4877b6db4b0ed441:0xdbc7d4d151d45c47!8m2!3d52.1378623!4d-0.4657508"
1012,SC114,SSCS Birmingham,East Ham Town Hall,High Street,East Ham,London,,E6,,4201,"https://www.google.com/maps/place/East+Ham+Town+Hall/@51.5328081,0.0553998,18.54z/data=!4m8!1m2!2m1!1seast+ham+town+hall!3m4!1s0x0:0x650db2fb7a9ca90e!8m2!3d51.5328609!4d0.0553732"
1013,SC124,SSCS Sutton,Anchorage House,2nd Floor (Reception Area B),Anchorage House,2 Clove Crescent,London,E14 2BE,,4201,"https://www.google.com/maps/place/East+London+Employment+Tribunals+Service/@51.5102981,-0.0070105,17z/data=!4m8!1m2!2m1!1sAnchorage+House+++++++++++++++++%092nd+Floor+(Reception+Area+B)%09Anchorage+House+++++++++++++++++%092+Clove+Crescent%09London%09E14+2BE!3m4!1s0x0:0x3ca2d9057f8b0c3b!8m2!3d51.510017!4d-0.004773"
1014,SC312,SSCS Birmingham,Enfield Tribunal Centre,288 Southbury Road,,Enfield,Middlesex,EN1 1TR,,4201,"https://www.google.com/maps/place/Enfield+Tribunals+Service/@51.6494727,-0.0593956,17z/data=!4m8!1m2!2m1!1s288+Southbury+Road+Enfield+Middlesex+EN1+1TR!3m4!1s0x0:0x5f703fe0df49f569!8m2!3d51.6494532!4d-0.0571458"
1015,SC160,SSCS Birmingham,Fox Court,14 Gray's Inn Road,,London,,WC1X 8HN,,4201,"https://www.google.com/maps/place/14+Gray%27s+Inn+Road+London+WC1X+8HN/@51.518938,-0.110982"
1016,SC133,SSCS Birmingham,The Latton Bush Centre,Southern Way,,Harlow,Essex,CM18 7BL,,4201,"https://www.google.com/maps/place/The+Latton+Bush+Centre/@51.7543625,0.1057996,17z/data=!4m13!1m7!3m6!1s0x47d8994e51741e8b:0xf1048e7d42021963!2sSouthern+Way,+Harlow,+UK!3b1!8m2!3d51.7543625!4d0.1079883!3m4!1s0x47d8994592d0375b:0xbbbdaea2b0de2998!8m2!3d51.7535195!4d0.1073849"
1020,SC043,SSCS Birmingham,The Church of Christ,The Cornerstone,300 Saxon Gate West,Central Milton Keynes,,MK9 2ES,,4201,"https://www.google.com/maps/place/The+Cornerstone+300+Saxon+Gate+West+Central+Milton+Keynes+MK9+2ES/@52.041140,-0.761126"
1021,SC142,SSCS Birmingham,The Old Bakery,115 Queens Road,,Norwich,Norfolk,NR1 3PL,01603 610978,4201,"https://www.google.com/maps/place/115+Queens+Road+Norwich+Norfolk+NR1+3PL/@52.622188,1.295125"
1025,SC014,SSCS Birmingham,Kidderminster Magistrates Court,Comberton Place,,Kidderminster,Worcestershire,DY10 1QQ,,401,"https://www.google.com/maps/place/Kidderminster+Magistrates+Courts/@52.3845489,-2.2431044,17z/data=!4m13!1m7!3m6!1s0x48708c583f2945f9:0xa8e4b290c8732f5c!2sComberton+Pl,+Kidderminster+DY10,+UK!3b1!8m2!3d52.3845489!4d-2.2409157!3m4!1s0x48708c583e4c947f:0x63eb6a7a8b853dab!8m2!3d52.3841945!4d-2.2409514"
1027,SC117,SSCS Birmingham,Staines Magistrates Court Building,The Law Courts,Knowle Green,Staines,Middlesex,TW18 1XH,,4501,"https://www.google.com/maps/place/Staines+Magistrates'+Court/@51.4291084,-0.5010462,17z/data=!3m1!4b1!4m5!3m4!1s0x487676ccb131280d:0x60b9fd347562873f!8m2!3d51.4291084!4d-0.4988522"
1028,SC118,SSCS Birmingham,De Vere Holborn Bars,138-142 Holborn,,The City,London,EC1N 2NQ,,4501,"https://www.google.com/maps/place/De+Vere+Holborn+Bars/@51.51814,-0.1108429,19z/data=!4m13!1m7!3m6!1s0x48761b4c688302b1:0x72ea1894ba35d6a2!2s138+Holborn,+London+EC1N+2ST,+UK!3b1!8m2!3d51.5180899!4d-0.1101066!3m4!1s0x0:0x904cbb5076e57785!8m2!3d51.518146!4d-0.109872"
1029,SC015,SSCS Birmingham,Magistrates Court Building,Little Park Street,,Coventry,West Midlands,CV1 2SQ,,401,"https://www.google.com/maps/place/Coventry+Magistrates'+Court/@52.4058314,-1.5098162,17z/data=!3m1!4b1!4m5!3m4!1s0x48774bba132ac113:0x952408d6eed5ae52!8m2!3d52.4058314!4d-1.5076275"
1030,SC016,SSCS Birmingham,The Executive Centre Brighton,"4th Floor, Tower Point 44",North Road,Brighton,,BN1 1YR,,4501,"https://www.google.com/maps/place/4th+Floor%2C+Tower+Point+44+North+Road+Brighton+BN1+1YR/@50.825635,-0.141572"
1033,SC026,SSCS Leeds,The St James' Centre,St James' Square,,Grimsby,,DN31 1EP,,101,"https://www.google.com/maps/place/Grimsby+DN31+1EP,+UK/@53.5644914,-0.0927049,17z/data=!3m1!4b1!4m5!3m4!1s0x48789cad47f03a45:0x64e7b8b1890a5a57!8m2!3d53.5642673!4d-0.0900718"
1035,SC025,SSCS Cardiff,Cardiff Civil Justice Centre,,2 Park Street,Cardiff,South Wales,CF10 1ET,,301,"https://www.google.com/maps/place/2+Park+Street+Cardiff+South+Wales+CF10+1ET/@51.478241,-3.179690"
1037,SC021,SSCS Cardiff,Cardiff Court Building,The Courthouse,Fitzalan Place,Cardiff,South Wales,CF24 0RZ,,301,"https://www.google.com/maps/place/Cardiff+CF24+0RZ,+UK/@51.4820599,-3.1685148,17z/data=!3m1!4b1!4m5!3m4!1s0x486e1cc863019f41:0xa1938cc5af181408!8m2!3d51.4821136!4d-3.1664833"
1038,SC023,SSCS Cardiff,Cardiff Caradog House,1-6 St Andrews Place,,Cardiff,,CF10 3BE,,301,"https://www.google.com/maps/place/Caradog+House,+St+Andrew's+Pl,+Cardiff+CF10+3SE,+UK/@51.4855282,-3.1753035,18.94z/data=!4m5!3m4!1s0x486e1cb97396a6b1:0xb89324da44da9fa7!8m2!3d51.4858021!4d-3.1751798"
1043,SC124,SSCS Sutton,Anchorage House,2nd Floor (Reception Area B),Anchorage House,2 Clove Crescent,London,E14 2BE,,4501,"https://www.google.com/maps/place/East+London+Employment+Tribunals+Service/@51.5100168,-0.0069672,17z/data=!3m1!4b1!4m5!3m4!1s0x487602abe27c150d:0x3ca2d9057f8b0c3b!8m2!3d51.5100168!4d-0.0047732"
1044,SC126,SSCS Cardiff,Barnstaple Civic Centre,N Walk,,Barnstaple,Devon,EX31 1DX,,4503,"https://www.google.com/maps/place/Civic+Centre+BARNSTAPLE+Devon+EX31+1DX/@51.081349,-4.065329"
1045,SC125,SSCS Cardiff,Bodmin County Court,Launceston Road,,BODMIN,Cornwall,PL31 2AL,,4503,"https://www.google.com/maps/place/Bodmin+County+Court/@50.4689429,-4.7105062,17z/data=!3m1!4b1!4m5!3m4!1s0x486b7a42d246defb:0x5a423abc191c1670!8m2!3d50.4689395!4d-4.7083175"
1046,SC127,SSCS Liverpool,Chester & District Housing Trust,Centurion House,77 Northgate Street,,CHESTER,CH1 2HQ,,601,"https://www.google.com/maps/place/Centurion+House+77+Northgate+Street+CHESTER+CH1+2HQ/@53.193634,-2.893370"
1047,SC128,SSCS Leeds,Huddersfield Magistrates Court House,Civic Centre,,Huddersfield,West Yorkshire,HD1 2NH,,101,"https://www.google.com/maps/place/Civic+Centre+Huddersfield+West+Yorkshire+HD1+2NH/@53.644414,-1.784503"
1048,SC129,SSCS Cardiff,Torquay County Court Building,The Willows,Nicholson Road,Torquay,Devon,TQ2 7AZ,,4503,"https://www.google.com/maps/place/Torquay+%26+Newton+Abbot+County+Court/@50.4856801,-3.5542785,17.15z/data=!4m8!1m2!2m1!1stourquay+county+court+building!3m4!1s0x486d0f8e2d67c945:0xc54671e3bc0286d4!8m2!3d50.4867507!4d-3.5518166"
1049,SC130,SSCS Cardiff,Bath Law Courts Building,North Parade Road,,Bath,Somerset,BA1 5AF,,4503,"https://www.google.com/maps/place/Bath+County+Court/@51.3811197,-2.3544672,17z/data=!3m1!4b1!4m5!3m4!1s0x4871810e0b60e8e9:0x526c061d6ae31f2!8m2!3d51.3811197!4d-2.3522785"
1050,SC131,SSCS Birmingham,Chatham Magistrates Court,Rope Walk,,Chatham,Kent,ME4 4JZ,,4501,"https://www.google.com/maps/place/Medway+Magistrates+Court/@51.3843827,0.5249452,16.62z/data=!4m5!3m4!1s0x47d8cd0638c628ab:0x41859845b56ae39a!8m2!3d51.3841504!4d0.5273082"
1052,SC139,SSCS Cardiff,Merthyr Tydfil Court Building,The Law Courts,Glebeland Place,Wigan,,CF47 8BH,,301,"https://www.google.com/maps/place/Merthyr+Tydfil+Magistrates+Court/@51.7469579,-3.3816409,18.27z/data=!4m8!1m2!2m1!1sMerthyr+Tydfil+Court+Building!3m4!1s0x486e3ba7203d2153:0x2bafba4004759c0!8m2!3d51.7474094!4d-3.3805829"
1053,SC145,SSCS Cardiff,Salisbury Court Building,Wilton Road,,Salisbury,Wiltshire,SP2 7EP,,4503,"https://www.google.com/maps/place/Salisbury+Law+Courts/@51.0732226,-1.8124582,17z/data=!3m1!4b1!4m5!3m4!1s0x4873ebe66b1fb57f:0x22ed3d8c86687773!8m2!3d51.0732192!4d-1.8102695"
1104,SC147,SSCS Leeds,Sheffield Magistrates Court,Castle Street,,SHEFFIELD,South Yorkshire,S3 8LU,,101,"https://www.google.com/maps/place/Court+House,+Castle+St,+Sheffield+S3+8LU,+UK/@53.385187,-1.4663199,17z/data=!3m1!4b1!4m13!1m7!3m6!1s0x48797879c68a7bb3:0x2b75ae2e3598db05!2sSheffield+S3+8LU,+UK!3b1!8m2!3d53.3851974!4d-1.4649697!3m4!1s0x48797879c700efc3:0x80a1dbca2883b088!8m2!3d53.3850993!4d-1.4649754"
1106,SC149,SSCS Liverpool,Manchester Crown Court Building,Ground floor,"Crown Square, off Bridge Street",,Manchester,M3 3FL,,601,"https://www.google.com/maps/place/Manchester+Crown+Court+(Crown+Sq)/@53.4804006,-2.253112,18.14z/data=!4m13!1m7!3m6!1s0x487bb1dd2838e723:0x120e7b99feaf807e!2sManchester+M3+3FL,+UK!3b1!8m2!3d53.4801211!4d-2.252201!3m4!1s0x487bb1c2d580b7f7:0x26a5a8d38043d11b!8m2!3d53.4803511!4d-2.251872"
1107,SC157,SSCS Cardiff,Llandudno Court Building,Conwy Road,,Llandudno,Conwy,LL30 1GA,,301,"https://www.google.com/maps/place/Llandudno+Magistrates+Court/@53.3202731,-3.8247128,17z/data=!4m13!1m7!3m6!1s0x48651faef203db37:0x4f628f70fa37eed1!2sConway+Rd,+Llandudno+LL30+1GA,+UK!3b1!8m2!3d53.3202731!4d-3.8225241!3m4!1s0x48651e1a230681d9:0x16786292f8f8fe61!8m2!3d53.3202241!4d-3.8232811"
1111,SC155,SSCS Cardiff,Prestatyn Magistrates Court,Victoria Road,,Prestatyn,Wales,LL19 7TE,,301,"https://www.google.com/maps/place/Prestatyn+Magistrates+Court/@53.335871,-3.4210112,17z/data=!4m13!1m7!3m6!1s0x486529f8d48f2889:0x40b748203cc0283f!2sVictoria+Rd,+Prestatyn+LL19,+UK!3b1!8m2!3d53.335871!4d-3.4188225!3m4!1s0x48652a0220202cd3:0x6bf0fc39b71d5b67!8m2!3d53.3367336!4d-3.4168714"
1112,SC156,SSCS Cardiff,Port Talbot Justice Centre,Harbourside Road,,Port Talbot,,SA13 1SB,,301,"https://www.google.com/maps/place/Harbourside+Road+Port+Talbot+SA13+1SB/@51.591796,-3.785339"
1113,SC158,SSCS Cardiff,Portsmouth Combined Court Centre,Winston Churchill Avenue,,Portsmouth,Hampshire,PO1 2DQ,,4503,"https://www.google.com/maps/place/Portsmouth+Combined+Court+Centre/@50.7954518,-1.0936585,17z/data=!4m13!1m7!3m6!1s0x48745da1df4b6895:0x46210ff7bd68867e!2sWinston+Churchill+Ave,+Portsmouth,+UK!3b1!8m2!3d50.7954518!4d-1.0914698!3m4!1s0x48745da1e01b7857:0x7acf0d6b8cdb730f!8m2!3d50.7957682!4d-1.0913419"
1114,SC172,SSCS Birmingham,Gravesend Civic Centre,Windmill Street,,Gravesend,,DA12 1AU,,4501,"https://www.google.com/maps/place/civic+centre,+Gravesend+DA12,+UK/@51.4399209,0.3662659,17z/data=!3m1!4b1!4m5!3m4!1s0x47d8b604b8ab1f0f:0x910169ea9c45b125!8m2!3d51.4398889!4d0.368447"
1115,SC161,SSCS Leeds,Rotherham Law Courts,"The Statues, off Main Street    ",,Rotherham,South Yorkshire,S60 1YW,,101,"https://www.google.com/maps/place/Rotherham+Magistrates+Court/@53.4303232,-1.3631727,17z/data=!3m1!4b1!4m5!3m4!1s0x487976f6f148d095:0x716c4102d7478bdd!8m2!3d53.43032!4d-1.360984"
1118,SC164,SSCS Liverpool,The Magistrates Court Building,Hall Park,,Ramsey Brow,WORKINGTON,CA14 4AS,,601,"https://www.google.com/maps/place/Hall+Park+Ramsey+Brow+WORKINGTON+CA14+4AS/@54.644370,-3.541841"
1120,SC165,SSCS Glasgow,Eagle Building,4th Floor,,215 Bothwell Street,GLASGOW,G2 7EZ,,501,"https://www.google.com/maps/place/4th+Floor+215+Bothwell+Street+GLASGOW+G2+7EZ/@55.861495,-4.266739"
1121,SC166,SSCS Glasgow,Eagle Building,1st Floor,,215 Bothwell Street,GLASGOW,G2 7EZ,,501,"https://www.google.com/maps/place/1st+Floor+215+Bothwell+Street+GLASGOW+G2+7EZ/@55.861495,-4.266739"
1122,SC169,SSCS Glasgow,Endeavour House,"Endeavour House, 1st Floor",1 Greenmarket,Dundee,Angus,DD1 4QB,,501,"https://www.google.com/maps/place/Endeavour+House,+1+Greenmarket,+Dundee+DD1+4QB,+UK/@56.4576346,-2.9726839,17z/data=!3m1!4b1!4m5!3m4!1s0x48865cbfa9878aa1:0x40e1cfb384ca622a!8m2!3d56.4575869!4d-2.970608"
1126,SC179,SSCS Glasgow,Sovereign House,Suite 3,Academy Road,Irvine,,KA12 8RL,,501,"https://www.google.com/maps/place/3,+Sovereign+House,+Academy+Rd,+Irvine+KA12+8RL,+UK/@55.6183798,-4.6739395,17z/data=!3m1!4b1!4m5!3m4!1s0x4889ce649b81058b:0xda47480ff3e797f1!8m2!3d55.6183768!4d-4.6717508"
1127,SC180,SSCS Birmingham,Worcester Magistrates Court,Castle Street,,Worcester,,WR1 3QZ,,401,"https://www.google.com/maps/place/Worcester+Magistrates+Court/@52.1963514,-2.2274097,17z/data=!4m13!1m7!3m6!1s0x4870f0edfabaed9f:0xb0742361f352750!2sCastle+St,+Worcester+WR1,+UK!3b1!8m2!3d52.1963514!4d-2.225221!3m4!1s0x4870f0edfbd87707:0x73a22c2d8e294633!8m2!3d52.1968755!4d-2.2239898"
1128,SC181,SSCS Leeds,Dewsbury Magistrates Court,The Courthouse,Grove Street,Dewsbury,,WF13 1JP,,101,CLOSED
1129,SC184,SSCS Birmingham,Hereford Magistrates Court,The Court House,Bath Street,,Hereford,HR1 2HE,,401,"https://www.google.co.uk/maps/place/Magistrates+Court/@52.0569961,-2.7113283,18.91z/data=!4m13!1m7!3m6!1s0x48704a36f36f6675:0xf127144c5ae75d3!2sHereford+HR1+2HE!3b1!8m2!3d52.05708!4d-2.7109896!3m4!1s0x48704a36ee73bd6f:0x40267f84f71265b1!8m2!3d52.057137!4d-2.7104527"
1130,SC231,SSCS Newcastle,South East Northumberland Magistrates Court,South East Northumberland,Magistrates Court,Schalksmuhle Road,"Bedlington, Northumberland",NE22 7LX,,4401,"https://www.google.com/maps/place/South+East+Northumberland+Magistrates+Court/@55.1322569,-1.5963736,17z/data=!4m13!1m7!3m6!1s0x487e0ccc1c1da41b:0xfc548269097ebf0f!2sBedlington+NE22+7LX,+UK!3b1!8m2!3d55.1323854!4d-1.5941012!3m4!1s0x487e0ccea5961f89:0xfd3971c8a4b9f7d4!8m2!3d55.1324463!4d-1.5939691"
1131,SC196,SSCS Birmingham,Walsall County Court,Bridge House,Bridge Street,Walsall,West Midlands,WS1 1JQ,,401,"https://www.google.com/maps/place/Walsall+County+Court/@52.5848285,-1.9800144,17z/data=!4m13!1m7!3m6!1s0x4870a20de01c39ed:0x934124318cca1e5e!2sBridge+House,+Bridge+St,+Walsall+WS1+1JQ,+UK!3b1!8m2!3d52.5848285!4d-1.9778257!3m4!1s0x4870a20e7bfff2e7:0xb15c93040091f6eb!8m2!3d52.58505!4d-1.9789479"
1132,SC202,SSCS Birmingham,Shire Hall,3 St. Paul's Square,,Bedford,Bedfordshire,MK40 1SQ,,201,"https://www.google.com/maps/place/3+St.+Paul%27s+Square+Bedford+Bedfordshire+MK40+1SQ/@52.135494,-0.467272"
1133,SC207,SSCS Liverpool,Liverpool Civil & Family Court,2nd Floor,Vernon Street,,Liverpool,L2 2BX,,601,"https://www.google.com/maps/place/2nd+Floor+Vernon+Street+Liverpool+L2+2BX/@53.409344,-2.988791"
1134,SC210,SSCS Liverpool,Mercure Wigan Oak Hotel,Riverway,,,,WN1 3SS,,601,"https://www.google.com/maps/place/Mercure+Wigan+Oak+Hotel/@53.54834,-2.6285707,17z/data=!3m1!4b1!4m5!3m4!1s0x487b0f6fb3b2b2d9:0xaa83fc36cc4a735a!8m2!3d53.54834!4d-2.626382"
1135,SC211,SSCS Cardiff,Llandrindod Wells Justice Centre,Noyadd Parks,,Llandrindod Wells,Powys,LD1 5DF,,301,"https://www.google.com/maps/place/Llandrindod+wells+justice+centre/@52.2517526,-3.3721513,17z/data=!3m1!4b1!4m5!3m4!1s0x486fdcc71b3f799f:0x1e3a7b2cf586da93!8m2!3d52.2517493!4d-3.3699626"
1136,SC212,SSCS Cardiff,Carmarthen Justice Centre,County Court,Hill House,Picton Terrace,Carmarthen,SA31 3BT,,301,"https://www.google.com/maps?q=51.8549774235,-4.31790850586"
1137,SC213,SSCS Cardiff,Swansea Magistrates Court,Side Entrance,Grove Place,Swansea,,SA1 5DB,,301,"https://www.google.com/maps/place/Swansea+Magistrates'/@51.6223421,-3.9477535,17z/data=!3m1!4b1!4m5!3m4!1s0x486ef535de5787b5:0x5f00ce5f656a632e!8m2!3d51.6223388!4d-3.9455648"
1138,SC214,SSCS Birmingham,East Berkshire Magistrates Court,Bridge Road,,Maidenhead,Berkshire,SL6 8PB,,401,"https://www.google.com/maps?q=51.5249512089,-0.714297071746"
1139,SC215,SSCS Cardiff,Welshpool Magistrates Court,Mansion House,24 Severn Street,Welshpool,Powys,SY21 7UX,,301,"https://www.google.com/maps/place/Welshpool+Magistrates+Court/@52.6591654,-3.1486019,17z/data=!3m1!4b1!4m5!3m4!1s0x487000a057445de3:0x5800e47091b07ea3!8m2!3d52.6591622!4d-3.1464132"
1140,SC256,SSCS Birmingham,Nottingham Magistrates Court,Carrington Street,,,,NG2 1EE,,201,"https://www.google.com/maps/place/Nottingham+Magistrates+Court/@52.9474484,-1.1506675,17z/data=!3m1!4b1!4m5!3m4!1s0x4879c22c91cc14ef:0x910652a7cd0c3b40!8m2!3d52.9474484!4d-1.1494017"
1141,SC216,SSCS Birmingham,Solihull Magistrates Court,Tribunal Suite,"Magistrates Court, Homer Road   ",,Solihull,B91 3RD,,401,"https://www.google.com/maps/place/Solihull+Magistrates+Court/@52.4125964,-1.7836637,17z/data=!3m1!4b1!4m5!3m4!1s0x4870b9e0b17b77bd:0x2c314b93cc0f4bc9!8m2!3d52.4125964!4d-1.781475"
1142,SC217,SSCS Leeds,Wakefield Magistrates Court,"The Court House, Room 5         ",,Cliff Parade,Wakefield,WF1 2TW,,101,"https://www.google.com/maps/place/Wakefield+Magistrates+Court/@53.6840016,-1.5044601,17z/data=!3m1!4b1!4m5!3m4!1s0x487966fd80e060bd:0x26e11598d22bd583!8m2!3d53.6839984!4d-1.5022714"
1143,SC220,SSCS Cardiff,Y Lanfa,,,Aberystwyth,Ceredigion,SY23 1AS,,301,"https://www.google.com/maps/place/Aberystwyth+Justice+Centre/@52.4105259,-4.0884027,17z/data=!3m1!4b1!4m5!3m4!1s0x486f76f9c957f669:0x2339427994a6bdc1!8m2!3d52.4105226!4d-4.086214"
1144,SC218,SSCS Birmingham,Fetter Lane Tribunal Centre,2nd Floor,Clifford's Inn,Fetter Lane,London,EC4A 1BY,,201,"https://www.google.com/maps/place/Lands+Tribunal/@51.5160466,-0.1104324,19z/data=!4m5!3m4!1s0x48761b2d8feafa4b:0xb1c8a98762fe06a4!8m2!3d51.5162657!4d-0.1088468"
1145,SC219,SSCS Sutton,Fetter Lane Tribunal Centre,2nd Floor,Clifford's Inn,Fetter Lane,London,EC4A 1BY,,4501,"https://www.google.com/maps/place/Cliffords+Inn/@51.5146658,-0.109596,19.89z/data=!4m5!3m4!1s0x487604b330dab1f7:0xd6de8bb0bd459471!8m2!3d51.5144241!4d-0.1096764"
1146,SC222,SSCS Birmingham,Warwickshire Justice Centre,Vicarage Street,,Nuneaton,,CV11 4JU,,401,"https://www.google.com/maps/place/Nuneaton+Magistrates+Court/@52.5230294,-1.4638489,18.36z/data=!4m8!1m2!2m1!1swarwickshire+justice+centre+Vicarage+Street+Nuneaton+CV11+4JU!3m4!1s0x0:0xa129d1540d3f095e!8m2!3d52.523013!4d-1.4625579"
1147,SC223,SSCS Birmingham,Warwickshire Justice Centre,Newbold Terrace,,Leamington Spa,,CV32 4EL,,401,"https://www.google.com/maps/place/Warwickshire+Justice+Centre/@52.2881904,-1.5353091,17z/data=!3m1!4b1!4m5!3m4!1s0x487734f2a008bc97:0x779cd44c1bd61c5e!8m2!3d52.2881904!4d-1.5331204"
1148,SC238,SSCS Cardiff,Poole Magistrates Court,Park Road,,Poole,Dorset,BH15 2NS,,4503,"https://www.google.com/maps/place/Poole+Magistrates+Court/@50.7214586,-1.9639703,17z/data=!4m13!1m7!3m6!1s0x4873a6cbd732bd1f:0xcfdbf936ba13558f!2sPoole+BH15+2NS,+UK!3b1!8m2!3d50.7215014!4d-1.9617187!3m4!1s0x4873a6cbd12c0f69:0xe06cfc4757f3427a!8m2!3d50.7221028!4d-1.960615"
1149,SC239,SSCS Glasgow,Caladh Trust,An Caladh,East Camp,Balivanich,Isle of Benbecula,HS7 5LA,,501,"https://www.google.com/maps/place/Caladh+Trust/@57.472166,-7.3673201,17z/data=!3m1!4b1!4m5!3m4!1s0x488d1e5850c17f71:0xf8e9ee227ed01f07!8m2!3d57.4721631!4d-7.3651314"
1150,SC241,SSCS Birmingham,Southend County Court,Tyler's House,Tyler's Avenue,Southend-On-Sea,,SS1 2AW,,201,"https://www.google.com/maps/place/Tyler%27s+House+Tyler%27s+Avenue+Southend-On-Sea+SS1+2AW/@51.537535,0.715028"
1151,SC243,SSCS Cardiff,Newton Abbot Magistrates Court,Newfoundland Way,,Merthyr Tydfil,Devon,TQ12 1NG,,4503,"https://www.google.com/maps/place/Newton+Abbot+Magistrates+Court/@50.528709,-3.6146531,17z/data=!3m1!4b1!4m5!3m4!1s0x486d05ce483b6c83:0x40a0f4a58d828587!8m2!3d50.5287056!4d-3.6124644"
1152,SC244,SSCS Liverpool,St Helens Courthouse,Ground Floor Entrance,Birchley Street,St Helens,,WA10 1HT,,601,"https://www.google.co.uk/maps/place/St+Helens+%26+Knowsley+Magistrates+Court/@53.4575193,-2.7446786,15.26z/data=!4m8!1m2!2m1!1sSt+Helens+Courthouse!3m4!1s0x0:0xd0d5cb59274f1650!8m2!3d53.4549403!4d-2.7364755"
1153,SC245,SSCS Leeds,Huddersfield County Court,Queensgate House,Queensgate,Huddersfield,West Yorkshire,HD1 2RR,,101,"https://www.google.com/maps/place/Huddersfield+County+Court/@53.6421622,-1.7856419,17z/data=!3m1!4b1!4m5!3m4!1s0x487bdc740904cb77:0x7c8bacca982e2fd7!8m2!3d53.642159!4d-1.7834532"
1154,SC246,SSCS Leeds,Wakefield Civil Justice Centre,1 Mulberry Way,,Wakefield,West Yorkshire,WF1 2QN,,101,"https://www.google.com/maps/place/Wakefield+County+Court/@53.6819886,-1.5060498,17z/data=!3m1!4b1!4m5!3m4!1s0x487966fd4f5716f5:0xd3162ae46437444f!8m2!3d53.6819854!4d-1.5038611"
1155,SC247,SSCS Cardiff,Truro Justice Centre,Off Tremorvah Wood Lane,Mitchell Hill,Truro,,TR1 1HZ,,4503,"https://www.google.com/maps/place/Truro+Justice+Centre/@45.3655331,-63.2876404,17z/data=!3m1!4b1!4m5!3m4!1s0x4b594fc893749137:0x5484491d707c6b93!8m2!3d45.3655294!4d-63.2854517"
1156,SC257,SSCS Cardiff,Bristol Civil Justice Centre,2 Redcliff Street,,,Bristol,BS1 6GR,,4503,"https://www.google.com/maps/place/2+Redcliff+Street+Bristol+BS1+6GR/@51.452342,-2.590944"
1157,SC258,SSCS Birmingham,Taylor House,88 Rosebery Avenue,,London,,EC1R 4QU,,201,"https://www.google.com/maps/place/88+Rosebery+Avenue+London+EC1R+4QU/@51.527033,-0.107294"
1158,SC259,SSCS Birmingham,Taylor House,88 Rosebery Avenue,,London,,EC1R 4QU,,4501,"https://www.google.com/maps/place/88+Rosebery+Avenue+London+EC1R+4QU/@51.527033,-0.107294"
1159,SC260,SSCS Cardiff,North Somerset Magistrates Court,The Hedges,,St Georges,Worle,BS22 7BB,,4503,"https://www.google.com/maps/place/The+Hedges+St+Georges+Worle+BS22+7BB/@51.363023,-2.902549"
1161,SC262,SSCS Newcastle,Darlington County Court,4 Coniscliffe Road,,Darlington,Co Durham,DL3 7RL,,4401,"https://www.google.com/maps/place/Darlington+County+Court/@54.5236589,-1.5606467,17z/data=!3m1!4b1!4m5!3m4!1s0x487e9bfb5c8b3dcf:0x43743838390a179!8m2!3d54.5236558!4d-1.558458"
1182,SC263,SSCS Liverpool,Preston Magistrates Court,Lawson Street,,Preston,,PR1 2QT,,601,"https://www.google.com/maps/place/Preston+Magistrates+Court/@53.761701,-2.7029794,17z/data=!3m1!4b1!4m5!3m4!1s0x487b726fe451d72d:0x2ed406842e5dd844!8m2!3d53.761701!4d-2.7007907"
1183,SC264,SSCS Liverpool,Oldham County Court,New Radcliffe Street,Off Rochdale Road,Nottingham,,OL1 1NL,,601,"https://www.google.com/maps/place/Oldham+County+Court+122A+Rochdale+Rd%2C+Oldham+OL1+1NT/@53.543666,-2.118551"
1184,SC266,SSCS Cardiff,Southampton & New Forest Magistrates Court,100 The Avenue,Southampton,,Hampshire,SO17 1EY,,4503,"https://www.google.com/maps/place/Southampton+%26+New+Forest+Magistrates/@50.9143133,-1.4061677,17z/data=!4m13!1m7!3m6!1s0x487476aea0ad6463:0x3dd0024c61b9ebfd!2s100+The+Avenue,+Southampton+SO17+1EY,+UK!3b1!8m2!3d50.9143133!4d-1.403979!3m4!1s0x487476aea0ad6463:0x17cd839739f38241!8m2!3d50.9143552!4d-1.4030031"
1185,SC265,SSCS Leeds,Hull Magistrates Court Building,Market Place,,Kingston-Upon-Hull,East Yorkshire,HU1 2AD,,101,"https://www.google.com/maps/place/Kingston-upon-Hull+and+Holderness+Magistrates+Court/@53.7410082,-0.3355175,17z/data=!3m1!4b1!4m5!3m4!1s0x4878be2222a0d17d:0x2266e621c743f77d!8m2!3d53.741005!4d-0.3333288"
1186,SC267,SSCS Cardiff,Llanelli Tribunal Hearing Centre,Court Buildings,Town Hall Square,,Llanelli,SA15 3AL,,301,"https://www.google.com/maps/place/Court+Buildings+Town+Hall+Square+Llanelli+SA15+3AL/@51.682102,-4.163147"
1188,SC269,SSCS Birmingham,Teesside Justice Centre,Victoria Square,,Middlesbrough,Cleveland,TS1 2AS,,4401,"https://www.google.com/maps/place/Victoria+Square+Middlesbrough+Cleveland+TS1+2AS/@54.573412,-1.234457"
1189,SC270,SSCS Cardiff,Exeter Court House,The Court House,Heavitree Road,Exeter,Devon,EX1 2LS,,4503,"https://www.google.com/maps/place/Central+Devon+Magistrates+Courts/@50.7236975,-3.5195846,17z/data=!4m8!1m2!2m1!1sThe+Court+House+EX1+2LS!3m4!1s0x0:0x9d4a2131de01e4af!8m2!3d50.7243841!4d-3.5179143"
1190,SC271,SSCS Birmingham,Basildon Combined Court,The Gore,,Basildon,Essex,SS14 2BU,,201,"https://www.google.com/maps/place/51%C2%B034'21.3%22N+0%C2%B027'17.3%22E/@51.5725712,0.4526041,17z/data=!3m1!4b1!4m5!3m4!1s0x0:0x0!8m2!3d51.5725712!4d0.4547928"
1192,SC273,SSCS Cardiff,Plymouth and District Magistrates Court,Plymouth and District,Magistrates Court,St Andrew Street,Plymouth,PL1 2DP,,4503,"https://www.google.com/maps/place/Plymouth+Magistrates+Court/@50.3692343,-4.142859,17z/data=!4m8!1m2!2m1!1sPlymouth+and+District+Magistrates+Court!3m4!1s0x486c934d6a5f5725:0x3d37a6321b5ee87b!8m2!3d50.3692708!4d-4.1394369"
1193,SC274,SSCS Liverpool,Chester Magistrate's Court,Grosvenor Street,,Chester,Cheshire,CH1 2XA,,601,"https://www.google.com/maps/place/Chester+Magistrates'+Court/@53.1874536,-2.8958209,17z/data=!3m1!4b1!4m5!3m4!1s0x487add4a39961fa9:0x2c8662efacfbf69c!8m2!3d53.1874536!4d-2.8936322"
1194,SC275,SSCS Birmingham,Leicester County Court,90 Wellington Street,,Leicester,,LE1 6HG,,201,"https://www.google.com/maps/place/90+Wellington+Street+Leicester+LE1+6HG/@52.629660,-1.127526"
1195,SC276,SSCS Glasgow,The Mansefield House Hotel,2 Mayne Road,,Elgin,Morayshire,IV30 3AF,,501,"https://www.google.com/maps/place/2+Mayne+Road+Elgin+Morayshire+IV30+3AF/@57.646158,-3.319835"
1196,SC277,SSCS Birmingham,Bow County Court Building,96 Romford Road,,London,,E15 4EG,,201,"https://www.google.com/maps/place/96+Romford+Road+London+E15+4EG/@51.542895,0.010960"
1197,SC278,SSCS Cardiff,Gloucester Magistrates Court,Barbican Way,,Gloucester,,GL1 2JH,,4503,"https://www.google.com/maps/place/Gloucester+Magistrates+Court/@51.8656631,-2.2526794,17z/data=!3m1!4b1!4m5!3m4!1s0x48710664fd016bf5:0x4c3fb7d8f835131f!8m2!3d51.8656598!4d-2.2504907"
1198,SC279,SSCS Birmingham,Leicester Holiday Inn,129 St. Nicholas Circle,,Leicester,,LE1 5LX,,201,"https://www.google.com/maps/place/129+St.+Nicholas+Circle+Leicester+LE1+5LX/@52.634038,-1.141004"
1199,SC280,SSCS Birmingham,Derby Combined Court,Morledge,,DERBY,,DE1 2XE,,201,"https://www.google.com/maps/place/Derby+Combined+Court+Centre/@52.9216,-1.4746442,17z/data=!4m13!1m7!3m6!1s0x4879f116e0a9ab09:0xb464a5d6f0aceb32!2sMorledge,+Derby+DE1,+UK!3b1!8m2!3d52.9216!4d-1.4724555!3m4!1s0x4879f116591a2aaf:0x3cf2d0785ad434bc!8m2!3d52.9224332!4d-1.4730565"
1200,SC281,SSCS Liverpool,Romford Magistrates Court,Romford (Magistrates Court),Main Road,Romford,Essex,RM1 3BH,,201,"https://www.google.co.uk/maps/place/Romford+Magistrates+Court/@51.5817914,0.1835839,17z/data=!3m1!4b1!4m5!3m4!1s0x47d8a4b4f503fe1b:0x3212d7b691f8bbae!8m2!3d51.5817914!4d0.1857779"
1201,SC282,SSCS Birmingham,Derby Holiday Inn,Morledge,,Derby,,DE1 2AY,,201,"https://www.google.com/maps/place/Holiday+Inn+Derby+-+Riverlights/@52.921916,-1.4752617,17z/data=!3m1!4b1!4m5!3m4!1s0x4879f116e4fbdb01:0x4594640be70201a7!8m2!3d52.921916!4d-1.473073"
1202,SC283,SSCS Liverpool,Burton Magistrates’ Court,The Court House,,Horninglow Street,Burton-upon-Trent,DE14 1PA,,201,"https://www.google.com/maps/place/The+Court+House+Horninglow+Street+Burton-upon-Trent+DE14+1PA/@52.808115,-1.631852"
1203,SC284,SSCS Cardiff,Bridlington Magistrates Court,"Quay Road, Bridlington          ",,East Riding of Yorkshire,,YO16 4EN,,101,"https://www.google.com/maps/place/Bridlington+Magistrates+Court/@54.0867238,-0.2037743,17z/data=!4m13!1m7!3m6!1s0x487f52ac8cde9b99:0x9c284b206c67ec13!2sQuay+Rd,+Bridlington,+UK!3b1!8m2!3d54.0867238!4d-0.2015856!3m4!1s0x487f52ab57afc2a3:0xff41195e573a7da7!8m2!3d54.0851239!4d-0.2001438"
1207,SC300,SSCS Birmingham,Harrow Civic Centre,"Building 1, 1st Floor","Civic Centre, Station St.       ",Harrow,Middlesex,HA1 2XF,,4501,"https://www.google.com/maps/place/Harrow+Council/@51.589109,-0.3345036,19.74z/data=!4m8!1m2!2m1!1sCivic+Centre+Station+Road+Harrow+HA1+2XY!3m4!1s0x0:0x4047395a1114c521!8m2!3d51.589166!4d-0.334369"
1208,SC301,SSCS Birmingham,East Berkshire Magistrates Court,Bridge Road,,Maidenhead,Berkshire,SL6 8PB,,201,"https://www.google.com/maps?q=51.5249512089,-0.714297071746"
1209,SC302,SSCS Birmingham,Oxford Combined Court Centre,St Aldates,,Oxford,,OX1 1TL,01865 248245,201,"https://www.google.com/maps?q=51.7481704505,-1.25707212708"
1210,SC303,SSCS Birmingham,Reading Tribunal Centre,5th Floor,30-31 Friar Street,Reading,,RG1 1DX,,201,"https://www.google.com/maps/place/5th+Floor+30-31+Friar+Street+Reading+RG1+1DX/@51.456923,-0.973351"
1211,SC304,SSCS Birmingham,Radius House,51 Clarendon Road,,Watford,Hertfordshire,WD17 1HP,,201,"https://www.google.com/maps/place/51+Clarendon+Road+Watford+Hertfordshire+WD17+1HP/@51.660076,-0.397506"
1212,SC305,SSCS Birmingham,The Hilton Hotel,Elton Way,,Watford,Hertfordshire,WD25 8HA,,201,"https://www.google.com/maps/place/Hilton+Watford/@51.6619157,-0.3606389,16.22z/data=!4m13!1m7!3m6!1s0x48761540757265d5:0xcef8473b5922e8fd!2sElton+Way,+Watford+WD25+8HH,+UK!3b1!8m2!3d51.6618537!4d-0.3565498!3m4!1s0x4876044da1f6b35b:0x6f27a262bd6fd675!8m2!3d51.66515!4d-0.3607142"
1213,SC306,SSCS Birmingham,Boston Court House,55 Norfolk Street,,Boston,Lincolnshire,PE21 6PE,01205-350622,401,"https://www.google.com/maps/place/55+Norfolk+Street+Boston+Lincolnshire+PE21+6PE/@52.982735,-0.025146"
1214,SC307,SSCS Liverpool,Burton Magistrates’ Court,The Court House,,Horninglow Street,Burton-upon-Trent,DE14 1PA,,401,"https://www.google.com/maps/place/The+Court+House+Horninglow+Street+Burton-upon-Trent+DE14+1PA/@52.808115,-1.631852"
1215,SC308,SSCS Birmingham,Chesterfield Justice Centre,Tapton Lane,,Chesterfield,Derbyshire,S41 7TW,01246-203984,401,"https://www.google.com/maps/place/Chesterfield+County+Court/@53.2373417,-1.4254969,17z/data=!3m1!4b1!4m5!3m4!1s0x41637f7ecbe62b2d:0x246ba4d616a28bb1!8m2!3d53.2373417!4d-1.4233082"
1216,SC309,SSCS Birmingham,Derwent Court,Macklin Street,,Derby,,DE1 1SG,01332 369716,401,"https://www.google.com/maps/place/90+Macklin+St,+Derby+DE1+1JX,+UK/@52.9211605,-1.4821964,19.82z/data=!4m5!3m4!1s0x4879f13cf5a13123:0xdfa8b8d73a25aab2!8m2!3d52.9211477!4d-1.4817997"
1217,SC310,SSCS Birmingham,Derby Combined Court,Morledge,,DERBY,,DE1 2XE,,401,"https://www.google.com/maps/place/Derby+Combined+Court+Centre/@52.9216,-1.4746442,17z/data=!4m13!1m7!3m6!1s0x4879f116e0a9ab09:0xb464a5d6f0aceb32!2sMorledge,+Derby+DE1,+UK!3b1!8m2!3d52.9216!4d-1.4724555!3m4!1s0x4879f116591a2aaf:0x3cf2d0785ad434bc!8m2!3d52.9224332!4d-1.4730565"
1218,SC311,SSCS Birmingham,Derby Holiday Inn,Morledge,,Derby,,DE1 2AY,,401,"https://www.google.com/maps/place/Holiday+Inn+Derby+-+Riverlights/@52.921916,-1.4752617,17z/data=!3m1!4b1!4m5!3m4!1s0x4879f116e4fbdb01:0x4594640be70201a7!8m2!3d52.921916!4d-1.473073"
1219,SC312,SSCS Birmingham,Enfield Tribunal Centre,288 Southbury Road,,Enfield,Middlesex,EN1 1TR,,4501,"https://www.google.com/maps/place/Enfield+Tribunals+Service/@51.6494727,-0.0593956,17z/data=!4m8!1m2!2m1!1s288+Southbury+Road+Enfield+Middlesex+EN1+1TR!3m4!1s0x0:0x5f703fe0df49f569!8m2!3d51.6494532!4d-0.0571458"
1220,SC313,SSCS Birmingham,Kettering Magistrates Court,The Court House,London Road,Kettering,,NN15 7QP,01536-410333,401,"https://www.google.com/maps/place/The+Court+House+London+Road+Kettering+NN15+7QP/@52.399079,-0.726940"
1221,SC314,SSCS Birmingham,Kings Court,,5A New Walk,,Leicester,LE1 6TE,01162-531730,401,"https://www.google.com/maps/place/52%C2%B037'48.5%22N+1%C2%B007'50.0%22W/@52.6301497,-1.1327347,17z/data=!3m1!4b1!4m5!3m4!1s0x0:0x0!8m2!3d52.6301497!4d-1.130546"
1222,SC315,SSCS Birmingham,Lincoln County Court Building,360 High Street,,Lincoln,Lincolnshire,LN5 7PS,01522-567151,401,"https://www.google.com/maps/place/Lincoln+County+Court/@53.2244617,-0.5450222,17z/data=!4m15!1m9!2m8!1sHotels!3m6!1sHotels!2s53.2244617,+-0.5428335!3s0x48785b2e4915e91f:0x7c0a2b187113f637!4m2!1d-0.5428335!2d53.2244617!3m4!1s0x48785b2e4915e8df:0xac30dad1e8201859!8m2!3d53.2243726!4d-0.5414549"
1223,SC316,SSCS Birmingham,St. Katherines House,St. Katherines Street,,Northampton,,NN1 2LX,01604-24152,401,"https://www.google.com/maps/place/Independent+Tribunal+Service/@52.2374067,-0.90036,20.09z/data=!4m13!1m7!3m6!1s0x48770ee76512d181:0xb3e4c576f7145a31!2sSt+Katherines+St,+Northampton+NN1,+UK!3b1!8m2!3d52.2374617!4d-0.8995206!3m4!1s0x48770ee76ec8d6a7:0x6941ec99bc37726c!8m2!3d52.2373639!4d-0.8999683"
1224,SC317,SSCS Birmingham,Byron House,4th Floor,2a Maid Marian Way,Nottingham,,NG1 6HS,01159-241774,401,"https://www.google.com/maps/place/Byron+House,+4+Maid+Marian+Way,+NG1+6HS,+UK/@52.9529668,-1.155384,19z/data=!3m1!4b1!4m5!3m4!1s0x4879c22a1653fc7f:0xf87eac605b23f187!8m2!3d52.952988!4d-1.1546132"
1225,SC319,SSCS Birmingham,Nottingham Magistrates Court,Carrington Street,,,,NG2 1EE,,401,"https://www.google.com/maps/place/Nottingham+Magistrates+Court/@52.9474484,-1.1506675,17z/data=!3m1!4b1!4m5!3m4!1s0x4879c22c91cc14ef:0x910652a7cd0c3b40!8m2!3d52.9474484!4d-1.1494017"
1226,SC320,SSCS Liverpool,Romford Magistrates Court,Romford (Magistrates Court),Main Road,Romford,Essex,RM1 3BH,,4501,"https://www.google.co.uk/maps/place/Romford+Magistrates+Court/@51.5817914,0.1835839,17z/data=!3m1!4b1!4m5!3m4!1s0x47d8a4b4f503fe1b:0x3212d7b691f8bbae!8m2!3d51.5817914!4d0.1857779"
1227,SC321,SSCS Birmingham,Aldershot Justice Centre,,The Court House,Civic Centre,Aldershot,GU11 1NY,,4503,"https://www.google.com/maps/place/Aldershot+Magistrates+Court/@51.2503323,-0.771178,17z/data=!3m1!4b1!4m5!3m4!1s0x48742ca336c89ddf:0xe8b5ca367bdcc1af!8m2!3d51.2503323!4d-0.768984"
1228,SC322,SSCS Birmingham,Ashford House,"1st Floor, Ashford House",County Square Shopping Centre,Ashford,Kent,TN23 1YB,,201,"https://www.google.com/maps/place/1st+Floor%2C+Ashford+House+County+Square+Shopping+Centre+Ashford+Kent+TN23+1YB/@51.148349,0.869790"
1229,SC323,SSCS Birmingham,City Gate House,185 Dyke Road,,Brighton,,BN3 1TL,,201,"https://www.google.com/maps/place/185+Dyke+Road+Brighton+BN3+1TL/@50.834720,-0.151186"
1230,SC324,SSCS Birmingham,Chatham Magistrates Court,Rope Walk,,Chatham,Kent,ME4 4JZ,,201,"https://www.google.com/maps/place/Medway+Magistrates+Court/@51.3843827,0.5249452,16.62z/data=!4m5!3m4!1s0x47d8cd0638c628ab:0x41859845b56ae39a!8m2!3d51.3841504!4d0.5273082"
1231,SC325,SSCS Birmingham,The Law Courts,Old Orchard Road,,Eastbourne,East Sussex,BN21 4UN,,201,"https://www.google.com/maps/place/Eastbourne+County+Court/@50.7675182,0.2755401,17z/data=!3m1!4b1!4m5!3m4!1s0x47df73fc2b34bbbd:0xbb7d285b7a53555b!8m2!3d50.7675182!4d0.2777341"
1232,SC326,SSCS Birmingham,Gravesend Civic Centre,Windmill Street,,Gravesend,,DA12 1AU,,201,"https://www.google.com/maps/place/civic+centre,+Gravesend+DA12,+UK/@51.4399209,0.3662659,17z/data=!3m1!4b1!4m5!3m4!1s0x47d8b604b8ab1f0f:0x910169ea9c45b125!8m2!3d51.4398889!4d0.368447"
1233,SC327,SSCS Birmingham,Margate Magistrates Court,Cecil Square,,Margate,Kent,CT9 1RL,,201,"https://www.google.com/maps/place/Margate+Magistrates'+Court/@51.3876292,1.3812393,19.04z/data=!4m13!1m7!3m6!1s0x47d953aeeffddfb9:0xd08cfe5ec611051!2sCecil+Square,+Margate+CT9+1BD,+UK!3b1!8m2!3d51.3879959!4d1.3819626!3m4!1s0x0:0xae0d090ce0ceb9d6!8m2!3d51.3875309!4d1.3817393"
1234,SC285,SSCS Birmingham,Birmingham Civil Justice Centre,33 Bull Street,,Birmingham,,B4 6DS,,401,"https://www.google.com/maps/place/33+Bull+Street+Birmingham+B4+6DS/@52.481691,-1.895707"
1235,SC286,SSCS Cardiff,Gloucester County & Family Court,Kimbrose Way,,Gloucester,Gloucestershire,GL1 2DE,,4503,"https://www.google.com/maps/place/Kimbrose+Way+Gloucester+Gloucestershire+GL1+2DE/@51.863393,-2.249324"
1236,SC287,SSCS Leeds,Doncaster Crown court,College Road,,Doncaster,South Yorkshire,DN1 3HS,,101,"https://www.google.com/maps/place/Magistrates+Court/@53.5186596,-1.1337821,16.99z/data=!4m8!1m2!2m1!1sdoncaster+crown+court!3m4!1s0x48790c2b0fc57203:0x55097fbc1514bfd0!8m2!3d53.5196482!4d-1.1302593"
1237,SC288,SSCS Leeds,Barnsley Law Courts,Westgate,,Barnsley,South Yorkshire,S70 2HW,,101,"https://www.google.com/maps/place/Barnsley+Law+Courts/@53.5539512,-1.4867073,17z/data=!3m1!4b1!4m5!3m4!1s0x4879652ab5289693:0x2cf5bf76e4e105ca!8m2!3d53.553948!4d-1.4845186"
1238,SC290,SSCS Birmingham,Wellingborough Magistrates Court,Midland Road,,Wellingborough,,NN8 1HF,,401,"https://www.google.com/maps/place/Wellingborough+Magistrates'+Court/@52.3012669,-0.6863497,17z/data=!4m13!1m7!3m6!1s0x4877a163b9bf7749:0xad374f3a4f477ab9!2sMidland+Rd,+Wellingborough+NN8,+UK!3b1!8m2!3d52.3012669!4d-0.684161!3m4!1s0x4877a1642e8468e3:0x72d64a9f9ad88d44!8m2!3d52.301282!4d-0.6891131"
1239,SC291,SSCS Leeds,Sheffield Crown Court,48 West Bar,,Sheffield,South Yorkshire,S3 8PH,,101,"https://www.google.com/maps/place/Sheffield+Crown+Court/@53.3856849,-1.4709379,17z/data=!4m13!1m7!3m6!1s0x487978793f0a6ce9:0x41a2b7ec071e5aed!2sW+Bar,+Sheffield+S3+8PH,+UK!3b1!8m2!3d53.3855558!4d-1.468739!3m4!1s0x487978793c281903:0xd3d49f8212fb3b32!8m2!3d53.3855477!4d-1.4686268"
1240,SC292,SSCS Newcastle,Durham Justice Centre,Green Lane,,Old Elvet,Co. Durham,DH1 3RG,,4401,"https://www.google.com/maps/place/Green+Lane+Old+Elvet+Co.+Durham+DH1+3RG/@54.773974,-1.566186"
1241,SC293,SSCS Cardiff,Swansea Civil Justice Centre,Caravella House,Quay Parade,Swansea,,SA1 1SP,,301,"https://www.google.com/maps/place/Swansea+Civil+Justice+Centre/@51.6202649,-3.940207,17z/data=!3m1!4b1!4m5!3m4!1s0x486ef54b9d3ec327:0x62e71b5abb876c76!8m2!3d51.6202616!4d-3.9380183"
1248,SC295,SSCS Newcastle,Gateshead Law Courts,318 High St,,,Gateshead,NE8 1EN,,4401,"https://www.google.co.uk/maps/place/Gateshead+Law+Courts/@54.9591357,-1.6003092,15z/data=!4m5!3m4!1s0x0:0x8b7392beb23863a0!8m2!3d54.9591357!4d-1.6003092"
1253,SC2654,SSCS Cardiff,Worle Queensway,Queensway House,The Hedges,St Georges,,BS22 7BB,,,"https://www.google.co.uk/maps/place/Queensway+House,+The+Hedges,+St+Georges,+Weston-super-Mare+BS22+7BB/@51.3608462,-2.9079592,17z/data=!3m1!4b1!4m5!3m4!1s0x4871f9c9b4a6f089:0x8e26bdd0ff4c6e54!8m2!3d51.3608429!4d-2.9057705"
1254,SC2656,SSCS Birmingham,The Law Courts,Easton Street,High Wycombe,Buckinghamshire,,HP11 1LR,,,"https://www.google.co.uk/maps/place/The+Law+Courts/@51.6276531,-0.7483165,17z/data=!3m1!4b1!4m5!3m4!1s0x487661c568156a73:0x24a76a50cf49f035!8m2!3d51.6276498!4d-0.7461278"
236,SC2652,SSCS Newcastle,Sunderland Courts & Tribunals,Civil and Tribunal Entrance,Gillbridge Avenue,Sunderland,,SR1 3AP,,,"https://www.google.co.uk/maps/place/Sunderland+Magistrates'+Court/@54.9072103,-1.3900305,17z/data=!3m1!4b1!4m5!3m4!1s0x487e6687080590e7:0x7cedd5b12035750b!8m2!3d54.9072072!4d-1.3878418"
